Name,Size,Price
Corsair 4000D Airflow Tempered Glass Midi-Tower - white Window,E-ATX,NULL
Aerocool Skyline ARGB,ATX,NULL
Aerocool Skyline ARGB V2 Midi-Tower - black,ATX,NULL
Antec P5 Mini - black,Micro-ATX,NULL
Be quiet! Pure Base 500DX - black,ATX,109.9
Be quiet! Pure Base 500DX - white,ATX,109.9
BitFenix Aegis Core Micro-ATX - blue/black,Micro-ATX,NULL
BitFenix Aegis Core Micro-ATX - yellow/black,Micro-ATX,NULL
BitFenix Aegis Core Micro-ATX - red/black,Micro-ATX,NULL
BitFenix Nova Mesh Midi-Tower - black,E-ATX,NULL
BitFenix Nova Mesh Midi-Tower - white,E-ATX,NULL
BitFenix Nova Mesh SE Midi-Tower - white,ATX,NULL
"BitFenix Nova Mesh SE Midi-Tower, Tempered Glass - black",ATX,NULL
BitFenix Nova Midi-Tower - black,ATX,NULL
BitFenix Nova Midi-Tower - black Window,ATX,NULL
BitFenix Nova Midi-Tower - white,ATX,NULL
BitFenix Nova Midi-Tower - white Window,ATX,NULL
Corsair 4000D Airflow Tempered Glass Midi-Tower - black Window,E-ATX,NULL
"Corsair 5000D Airflow Midi-Tower, Tempered Glass - black",E-ATX,NULL
"Corsair 5000D Airflow Midi-Tower, Tempered Glass - white",E-ATX,NULL
Corsair Carbide SPEC-02 Midi-Tower - black/red,ATX,NULL
Fractal Design Define Nano S Mini-ITX - black,Mini-ITX,119.99
Fractal Design Focus G Midi-Tower - black Window,ATX,74.84
Fractal Design Meshify C Midi-Tower - black,ATX,348.29
"Fractal Design Meshify C Mini Dark TG Micro-ATX, Glas - black",Micro-ATX,NULL
Fractal Design Meshify C Tempered Glass Dark Midi-Tower - black,ATX,NULL
Fractal Design Meshify C Tempered Glass Midi-Tower - black,ATX,NULL
Fractal Design Meshify C White Tempered Glass Midi-Tower - white,ATX,NULL
Fractal Design Node 202 Mini-ITX - black,Mini-ITX,99.99
"Hyte Y60 Midi Tower, Tempered Glass - black",E-ATX,NULL
"Hyte Y60 Midi Tower, Tempered Glass - black/red",E-ATX,NULL
"Hyte Y60 Midi Tower, Tempered Glass - black/white",E-ATX,NULL
Kolink Satellite Mini-ITX- / Micro-ATX - black,Micro-ATX,NULL
Lian Li LANCOOL 205 Mesh C Midi-Tower - black,ATX,119.99
Lian Li LANCOOL 205 Mesh C Midi-Tower - white,ATX,119.99
"Lian Li LANCOOL 205 Midi-Tower, Tempered Glass - black",ATX,NULL
"Lian Li LANCOOL 215 Midi-Tower - ARGB, Tempered Glass, black",E-ATX,NULL
"Lian Li LANCOOL II Mesh C Performance Midi-Tower, Tempered Glass - black",E-ATX,NULL
"Lian Li LANCOOL II Mesh RGB Midi-Tower, Tempered Glass - black",E-ATX,NULL
"Lian Li LANCOOL II Midi-Tower, Tempered Glass, DRGB - black",E-ATX,NULL
"Lian Li LANCOOL II Midi-Tower, Tempered Glass, DRGB - white",E-ATX,NULL
"Lian Li LANCOOL III E-ATX, Midi-Tower - black",E-ATX,NULL
"Lian Li LANCOOL III E-ATX, Midi-Tower - white",E-ATX,NULL
"Lian Li LANCOOL III E-ATX, Midi-Tower, RGB - black",E-ATX,NULL
"Lian Li LANCOOL III E-ATX, Midi-Tower, RGB - white",E-ATX,NULL
"NZXT H510 Midi-Tower, TG - black Window",ATX,NULL
"NZXT H510 Midi-Tower, TG - black/red Window",ATX,NULL
"NZXT H510 Midi-Tower, TG - white Window",ATX,NULL
NZXT H700i Midi-Tower - black/red Window,ATX,NULL
"PHANTEKS Eclipse G360A Midi-Tower, Tempered Glass, ARGB - black",E-ATX,NULL
"PHANTEKS Eclipse G360A Midi-Tower, Tempered Glass, ARGB - white",E-ATX,NULL
"PHANTEKS Eclipse G500A D-RGB Midi-Tower, Tempered Glass - matt white",E-ATX,NULL
"PHANTEKS Eclipse G500A D-RGB Midi-Tower, Tempered Glass - black",E-ATX,NULL
"PHANTEKS Eclipse G500A Midi-Tower, Tempered Glass - black",E-ATX,NULL
"PHANTEKS Eclipse P360A Midi-Tower, Tempered Glass, D-RGB - black",E-ATX,NULL
"PHANTEKS Eclipse P360A Midi-Tower, Tempered Glass, D-RGB - white",E-ATX,NULL
PHANTEKS Eclipse P400 Midi-Tower - black Window,E-ATX,NULL
"PHANTEKS Eclipse P400A Midi-Tower, Tempered Glass - black",E-ATX,NULL
"PHANTEKS Eclipse P400A Midi-Tower, Tempered Glass, DRGB - black",E-ATX,NULL
"PHANTEKS Eclipse P400A Midi-Tower, Tempered Glass, DRGB - white",E-ATX,NULL
"PHANTEKS Eclipse P400S Midi-Tower, anthrazit - isolated",E-ATX,NULL
"PHANTEKS Eclipse P400S Midi-Tower, black - isolated",E-ATX,NULL
"PHANTEKS Enthoo Evolv ATX Midi-Tower, Tempered Glass - black",E-ATX,NULL
"PHANTEKS Enthoo Evolv ATX Midi-Tower, Tempered Glass - silver",E-ATX,153.98
"PHANTEKS Enthoo Primo Big-Tower, blaue LED - black",E-ATX,NULL
PHANTEKS XT Pro Tempered Glass Windows - black,E-ATX,153.98
Raijintek STYX Micro-ATX - white,Micro-ATX,NULL
"Silverstone Fara H1M Pro Micro-ATX, Tempered Glass - white",Micro-ATX,NULL
Silverstone Fara R1 Midi-Tower - white,ATX,NULL
"Silverstone Fara R1 Midi-Tower, Tempered Glass - white",ATX,NULL
Silverstone SST-PS08W Precision Midi-Tower - white,Micro-ATX,NULL
Silverstone SST-RL06WS-PRO Redline Midi-Tower - white/silver Window,ATX,NULL
Silverstone SST-RVZ01B Raven Z Mini-ITX - black,Mini-ITX,NULL
"Thermaltake Core P7, Tempered Glass - black",E-ATX,NULL
1STPLAYER 1st Player DK D3-A Black Micro ATX Case,ATX,NULL
1STPLAYER B5-M computer Case,Micro-ATX,NULL
1STPLAYER D3-A-WH computer Case,ATX,NULL
1STPLAYER F3-A-BK computer Case,ATX,NULL
1STPLAYER MV5-TP-BK computer Case,Micro-ATX,NULL
1STPLAYER RT5-BK computer Case,Micro-ATX,NULL
1STPLAYER RT5-WH computer Case,Micro-ATX,NULL
1STPLAYER RT7-BK computer Case,ATX,NULL
1STPLAYER T7-P-BK computer Case,ATX,NULL
1STPLAYER UV6-BK computer Case,Micro-ATX,NULL
1STPLAYER UV6-WH computer Case,Micro-ATX,NULL
1STPLAYER X4-M-BK computer Case,Micro-ATX,NULL
ABYSM Danube Inva MX202,Micro-ATX,NULL
ABYSM Danube Mura BX300 Black ARGB,ATX,NULL
ABYSM Danube Mura BX300 White ARGB,ATX,NULL
ABYSM Danube Mura Pro,ATX,NULL
ABYSM Danube SAVA,ATX,NULL
Aerocool Aero-1000 Midi-Tower - black Window,ATX,NULL
Aerocool Aero-1000 Midi-Tower - white Window,ATX,NULL
Aerocool Aero-300 FAW Midi-Tower - black Window,ATX,NULL
Aerocool Aero-300 Midi-Tower - black,ATX,NULL
Aerocool Aero-500 Midi-Tower - black,ATX,NULL
Aerocool Aero-500 Midi-Tower - black Window,ATX,NULL
Aerocool Aero-500 Midi-Tower - white,ATX,NULL
Aerocool Aero-500 Midi-Tower - white Window,ATX,NULL
Aerocool Aero-500G RGB Midi-Tower - black Window,ATX,NULL
Aerocool Aero-500G RGB Midi-Tower - white Window,ATX,NULL
Aerocool Aero-800 Midi-Tower - blue,ATX,NULL
Aerocool Aero-800 Midi-Tower - grey,ATX,NULL
Aerocool Aero-800 Midi-Tower - black,ATX,NULL
Aerocool Aero-800 Midi-Tower - white,ATX,NULL
Aerocool AeroEngine RGB-G-BK-v2 RGB Midi-Tower - black Window,ATX,NULL
"Aerocool Atomic Lite v1 Micro-ATX, FRGB, Tempered Glass - black",Micro-ATX,NULL
"Aerocool Atomic Lite v2 Micro-ATX, RGB, Tempered Glass - black",Micro-ATX,NULL
"Aerocool Atomic v1 Midi-Tower, ARGB, Tempered Glass - black",Micro-ATX,NULL
Aerocool BattleHawk Midi-Tower - black,ATX,NULL
Aerocool BattleHawk V2 Midi-Tower - black,ATX,NULL
Aerocool BattleHawk V2 Midi-Tower - white,ATX,NULL
Aerocool Beam-G-BK-V1,ATX,NULL
"Aerocool Beam-G-BK-v2 Midi-Tower, Tempered Glass - black",ATX,NULL
"Aerocool Bionic v1 Midi-Tower, RGB, Tempered Glass - black",ATX,NULL
"Aerocool Bionic v1 Midi-Tower, RGB, Tempered Glass - black/white",ATX,NULL
"Aerocool Bionic v2 Midi-Tower, RGB, Tempered Glass - black",ATX,NULL
"Aerocool Bionic v2 Midi-Tower, RGB, Tempered Glass - black/white",ATX,NULL
Aerocool Blade,ATX,84.51
Aerocool Bolt RGB Midi-Tower - black Window,ATX,NULL
Aerocool Cipher-S-BK-v1 Midi-Tower - black,ATX,NULL
"Aerocool Cronus Midi-Tower, ARGB, Tempered Glass - black",E-ATX,NULL
Aerocool Cruisestar Advance Midi-Tower - black Window,ATX,NULL
Aerocool CS-100 Advance Micro-ATX - black,Micro-ATX,NULL
Aerocool CS-100 Micro-ATX - black,Micro-ATX,NULL
Aerocool CS-102 Micro-ATX - black,Micro-ATX,NULL
Aerocool CS-103 Micro-ATX - black,Mini-ITX,NULL
Aerocool CS-104 Micro-ATX - black,Micro-ATX,NULL
Aerocool CS-106 Micro-ATX - black,Micro-ATX,NULL
Aerocool CS-107 v1 Micro-ATX - black,Micro-ATX,NULL
Aerocool CS-107 v2 Micro-ATX - black,Micro-ATX,NULL
Aerocool CS-1101 Midi-Tower - black,ATX,NULL
Aerocool CS-1102 Midi-Tower - black,ATX,NULL
Aerocool CS-1103 Midi-Tower - black,ATX,NULL
"Aerocool CS-1103 Midi-Tower, inkl. VX PLUS 500W Netzteil - black",ATX,NULL
Aerocool CyberX Advance Midi-Tower - black Window,ATX,NULL
Aerocool CyberX Midi-Tower - black,ATX,NULL
Aerocool Cyclops Advance V2 Midi-Tower - red Window,ATX,NULL
Aerocool Cyclops Advance V2 Midi-Tower - black Window,ATX,NULL
Aerocool Cylon Pro-G-BK-v2 RGB Midi-Tower - black Window,ATX,NULL
Aerocool Cylon RGB Midi-Tower - black Window,ATX,NULL
Aerocool Cylon RGB Midi-Tower - white Window,ATX,NULL
Aerocool D501A,ATX,79.98
Aerocool Delta,ATX,84.51
Aerocool Delta,ATX,84.51
Aerocool Delta,ATX,84.51
Aerocool Dryft,ATX,84.51
Aerocool DS 230 Midi-Tower - black,ATX,NULL
Aerocool Falcon,ATX,120.48
Aerocool Falcon ARGB,ATX,85.69
"Aerocool Falcon V1 Mdi-Tower, Tempered Glass - black",ATX,NULL
"Aerocool Falcon V2 Mdi-Tower, Acrylglas - black",ATX,NULL
"Aerocool Genesis ARGB V1 Midi-Tower, Acryglas - black",ATX,NULL
Aerocool Genesis ARGB V2 Midi-Tower - black,ATX,NULL
Aerocool Gladiator Duo Midi-Tower - black Window,ATX,NULL
Aerocool GT Black Advance Edition Midi Tower - black,ATX,NULL
Aerocool GT Black Edition Midi Tower - black,ATX,NULL
Aerocool GT White Edition Midi-Tower - white,ATX,NULL
Aerocool GT-A Midi-Tower - black Window,ATX,NULL
"Aerocool Hexform-G-BK-v1 Midi-Tower, Tempered Glass - black",Micro-ATX,NULL
"Aerocool Hexform-G-BK-v2 Midi-Tower, Tempered Glass - black",Micro-ATX,NULL
Aerocool Interstellar,ATX,NULL
"Aerocool LS-5200 Midi-Tower - white, Window",ATX,NULL
"Aerocool Mecha v1 Midi-Tower, RGB, Tempered Glass - black",ATX,NULL
Aerocool Mechatron Midi-Tower - black,ATX,NULL
Aerocool Mechatron Midi-Tower - black Window,ATX,NULL
Aerocool P7-C0 Midi-Tower - black,ATX,NULL
Aerocool P7-C0 Pro Midi-Tower - black,ATX,NULL
Aerocool P7-C1 Midi-Tower - black,ATX,NULL
Aerocool P7-C1 Midi-Tower - white,ATX,NULL
"Aerocool P7-C1 Midi-Tower, Tempered Glass Edition - black",ATX,NULL
"Aerocool P7-C1 Midi-Tower, Tempered Glass Edition - white",ATX,NULL
Aerocool Playa RGB Midi-Tower - black Window,ATX,NULL
Aerocool Playa Slim Micro-ATX - black Window,Micro-ATX,NULL
"Aerocool Prime v1 Midi-Tower, RGB, Tempered Glass - black",ATX,NULL
"Aerocool Prism ARGB Midi-Tower, Tempered Glass - black",ATX,NULL
"Aerocool Prism FRGB Midi-Tower, Tempered Glass - black",ATX,NULL
Aerocool Prism-G-BK-v1,ATX,76.83
Aerocool PYTHON RGB Midi-Tower - black Window,ATX,NULL
Aerocool Qs-180 Micro-ATX - black,Micro-ATX,NULL
Aerocool Qs-182 Micro-ATX - black,Micro-ATX,NULL
Aerocool Qs-183 Advance Micro-ATX - red,Micro-ATX,NULL
Aerocool Qs-183 Advance Micro-ATX - black,Micro-ATX,NULL
Aerocool Qs-240 Micro-ATX - black Window,Micro-ATX,NULL
"Aerocool Quantum Mesh v1 Midi-Tower, Tempered Glass - black",ATX,NULL
"Aerocool Quantum Mesh v2 Midi-Tower, FRGB, Tempered Glass - black",ATX,NULL
"Aerocool Quantum Mesh v3 Midi-Tower, RGB, Tempered Glass - black",ATX,NULL
"Aerocool Quantum v1 Midi-Tower, Tempered Glass - black",ATX,NULL
"Aerocool Quantum v2 Midi-Tower, FRGB, Tempered Glass - black",ATX,NULL
"Aerocool Quantum v3 Midi-Tower, RGB, Tempered Glass - black",ATX,NULL
Aerocool Quartz Blue Midi-Tower - black Window,ATX,NULL
Aerocool Quartz Red Midi-Tower - black Window,ATX,NULL
Aerocool Quartz RGB Midi-Tower - black Window,ATX,NULL
Aerocool Rift,ATX,84.51
Aerocool Rift RGB Midi-Tower - black Window,ATX,NULL
"Aerocool Scape-G-BK-v1 Midi-Tower, Tempered Glass - black",ATX,NULL
"Aerocool Scape-G-BK-v2 Midi-Tower, Tempered Glass, FRGB - black",ATX,NULL
"Aerocool Scape-G-BK-v3 Midi-Tower, Tempered Glass, ARGB - black",ATX,NULL
Aerocool SENTINEL RGB Midi-Tower - black Window,ATX,NULL
Aerocool Shard RGB Midi-Tower - black Window,ATX,NULL
Aerocool SI-5100 Midi-Tower - black,ATX,NULL
Aerocool SI-5100 Midi-Tower - black Window,ATX,NULL
Aerocool SI-5200 Midi-Tower - black,ATX,NULL
Aerocool SI-5200 Midi-Tower - black Window,ATX,NULL
"Aerocool SI-5200 RGB Midi-Tower - black, Window",ATX,NULL
Aerocool Skribble,ATX,84.51
Aerocool Splinter Duo Midi-Tower - black Window,ATX,NULL
Aerocool SPLIT RGB Midi-Tower - black Window,ATX,NULL
Aerocool STREAK RGB Midi-Tower - black Window,ATX,NULL
Aerocool Talon,ATX,120.48
Aerocool Tomahawk FAW Midi-Tower - black,ATX,NULL
Aerocool Tomahawk Midi-Tower - black,ATX,NULL
"Aerocool Trinity Mini v1 Micro-ATX, Tempered Glass - black",Micro-ATX,NULL
"Aerocool Trinity Mini v2 Micro-ATX, FRGB, Tempered Glass - black",Micro-ATX,NULL
"Aerocool Trinity Mini v3 Micro-ATX, RGB, Tempered Glass - black",Micro-ATX,NULL
Aerocool V2X Black Edition Midi-Tower - black,ATX,NULL
Aerocool V2X Blue Edition Midi-Tower - black/blue,ATX,NULL
Aerocool V2X Green Edition Midi-Tower - black/grün,ATX,NULL
Aerocool V2X Orange Edition Midi-Tower - black/orange,ATX,NULL
Aerocool V2X Red Edition Midi-Tower - black/red,ATX,NULL
Aerocool V3X Advance Black Edition Midi-Tower - black,ATX,NULL
Aerocool V3X Advance Devil Red Edition Midi-Tower - black/red,ATX,NULL
Aerocool V3X Advance Evil Blue Edition Midi-Tower - black/blue,ATX,NULL
Aerocool V3X Black Edition Midi-Tower - black,ATX,NULL
Aerocool V3X Devil Red Edition Midi-Tower - black/red,ATX,NULL
Aerocool V3X Evil Black Edition Midi-Tower - black/orange,ATX,NULL
Aerocool V3X Evil Blue Edition Midi-Tower - black/blue,ATX,NULL
Aerocool V3X Evil Green Edition Midi-Tower - black/grün,ATX,NULL
Aerocool V3X RGB Midi-Tower - black,ATX,NULL
Aerocool V3X RGB Midi-Tower - black Window,ATX,NULL
Aerocool VS-1 Midi-Tower - black,ATX,NULL
Aerocool VS-1 Midi-Tower - black Window,ATX,NULL
Aerocool Wave,ATX,79.98
Aerocool Wave v3 Midi-Tower - black Window,ATX,NULL
Aerocool Xpredator X3 GB Midi-Tower - grün/black,ATX,NULL
anidees AI-05S-BW Midi-Tower - black,ATX,NULL
anidees AI-6B-V2 Midi-Tower - black,ATX,NULL
"anidees AI-6BS-V2 Midi-Tower, black - isolated",ATX,NULL
anidees AI-6BW-V2 Midi-Tower - black Window,ATX,NULL
anidees AI-7B ATX-Cube - black,ATX,NULL
anidees AI-7BW ATX-Cube - black Window,ATX,NULL
"anidees AI-Crystal Cube Lite 2 ATX-Cube, Tempered Glass - black",E-ATX,NULL
"anidees AI-Crystal Cube Lite ATX-Cube, Tempered Glass - black",E-ATX,NULL
"anidees AI-Crystal Lite Midi-Tower, Tempered Glass - black",E-ATX,NULL
"anidees AI-Crystal Midi-Tower, Tempered Glass - black",E-ATX,NULL
"anidees AI-Crystal Midi-Tower, Tempered Glass - white",E-ATX,NULL
Antec Cube EKWB-Edition Mini-ITX - black,Mini-ITX,NULL
Antec Cube Special-Edition Mini-ITX - black,Mini-ITX,NULL
Antec DA601 Midi-Tower - black,E-ATX,NULL
Antec Dark Fleet DF500 Midi-Tower - black Window,ATX,NULL
Antec Dark Fleet DF500 RGB Midi-Tower - black Tempered Glass,ATX,NULL
Antec GX1200 Midi-Tower - black Window,ATX,NULL
"Antec GX200 Blue Midi-Tower, Window - black",ATX,NULL
Antec GX500 Midi-Tower - black,ATX,NULL
Antec GX505 Window Blue Edition Midi-Tower - black,ATX,NULL
Antec GX505 Window Midi-Tower - black,ATX,NULL
"Antec New Gaming NX1000 Midi-Tower, RGB, Tempered Glass - black",ATX,NULL
"Antec New Gaming NX210 Midi-Tower, RGB, Tempered Glass - black",ATX,NULL
Antec New Gaming NX300 Midi-Tower - black,ATX,NULL
Antec New Gaming NX300 Midi-Tower - white,ATX,NULL
"Antec New Gaming NX400 Midi-Tower, RGB, Tempered Glass - black",ATX,NULL
"Antec New Gaming NX500 Midi-Tower, RGB, Tempered Glass - black",ATX,NULL
"Antec New Gaming NX600 Midi-Tower, RGB, Tempered Glass - black",ATX,NULL
Antec NX100 Midi-Tower - black/grey,ATX,NULL
Antec P101 Silent Midi-Tower - black,E-ATX,NULL
Antec P110 Luce Midi-Tower - black,ATX,NULL
Antec P110 Silent Midi-Tower - black,ATX,NULL
"Antec P120 Crystal Midi-Tower - Tempered Glass, black",E-ATX,NULL
Antec P380 Big-Tower - black Window,E-ATX,NULL
Antec P50 Micro-ATX-Cube - black Window,Micro-ATX,NULL
"Antec P6 Midi-Tower, Tempered Glass - black",Micro-ATX,NULL
Antec P7 - Window Grün,ATX,NULL
Antec P7 - Window red,ATX,NULL
Antec P7 Silent Midi-Tower - black,ATX,NULL
Antec Performance Series P100 Midi-Tower - black,ATX,NULL
"Antec Performance Series P8 Midi-Tower, Tempered Glass - black",ATX,NULL
Antec Three Hundred Two Midi-Tower - black,ATX,NULL
Antec TORQUE Midi-Tower - black/red,ATX,NULL
Antec TORQUE Midi-Tower - white,ATX,NULL
ASUS A21,Micro-ATX,64.99
ASUS A21,Micro-ATX,64.99
ASUS A21 PLUS,Micro-ATX,160.47
ASUS A21 PLUS,Micro-ATX,160.47
ASUS A21 PLUS,Micro-ATX,160.47
ASUS A21 PLUS,Micro-ATX,160.47
ASUS A23 PLUS TG ARGB BLACK,Micro-ATX,NULL
ASUS A23 PLUS TG ARGB WHITE,Micro-ATX,NULL
ASUS A31 Plus TG ARGB BLACK,ATX,NULL
ASUS A31 Plus TG ARGB WHITE,ATX,NULL
ASUS AP201 PRIME Case TG,Micro-ATX,84.99
ASUS AP201 PRIME Case TG,Micro-ATX,84.99
ASUS GR701 ROG HYPERION EVA-02 EDITION,ATX,NULL
ASUS GX601 ROG STRIX HELIOS EVA,ATX,279.99
ASUS PRIME AP201 Case TG WHITE,Micro-ATX,84.99
ASUS PRIME AP201 MicroATX,Micro-ATX,84.99
ASUS Prime AP201 MicroATX,Micro-ATX,84.99
ASUS ProArt PA401,ATX,299.99
ASUS ProArt PA401 Wood METAL PWM (Black),ATX,286.19
ASUS ProArt PA401 Wood TG PWM (Black),ATX,286.19
ASUS ProArt PA602,ATX,299.99
ASUS ProArt PA602,ATX,299.99
ASUS ProArt PA602 Wood Edition,ATX,286.19
ASUS ProArt PA602 Wood Edition – Metal Panel,ATX,286.19
ASUS ROG GR701 Hyperion White,ATX,NULL
ASUS ROG HYPERION GR701,ATX,NULL
ASUS ROG Hyperion GR701 BTF Edition,ATX,NULL
"ASUS ROG Strix Helios Midi-Tower, Tempered Glass - black",E-ATX,NULL
"ASUS ROG Strix Helios White Edition Midi-Tower, Tempered Glass, RGB - white",E-ATX,NULL
ASUS TUF Gaming GT302 ARGB,E-ATX,179.99
ASUS TUF Gaming GT302 ARGB,E-ATX,179.99
ASUS TUF Gaming GT302 ARGB,E-ATX,179.99
ASUS TUF Gaming GT302 ARGB,E-ATX,179.99
ASUS TUF Gaming GT502,ATX,179.99
ASUS TUF Gaming GT502,ATX,179.99
ASUS TUF GAMING GT502 Horizon TG ARGB Black,ATX,189.99
ASUS TUF GAMING GT502 Horizon TG ARGB White,ATX,189.99
ASUS TUF Gaming GT502 PLUS,ATX,179.99
ASUS TUF Gaming GT502 PLUS,ATX,179.99
ASUS TUF GT301 Midi-Tower - black,ATX,NULL
ASUS TUF GT501 Midi-Tower - black,E-ATX,NULL
"ASUS TUF GT501 Midi-Tower, Tempered Glass, RGB - white",E-ATX,NULL
be quiet! Dark Base 700 RGB Midi-Tower - black Window,E-ATX,NULL
be quiet! Dark Base 700 White Edition Midi-Tower - white Window,E-ATX,NULL
be quiet! Dark Base 701,ATX,299.89
be quiet! Dark Base 701 Black,ATX,299.89
be quiet! Dark Base 900 Big-Tower - black,E-ATX,NULL
be quiet! Dark Base 900 Big-Tower - silver,E-ATX,NULL
be quiet! Dark Base Pro 900 Big-Tower - orange Window,E-ATX,NULL
be quiet! Dark Base Pro 900 Big-Tower - black Window,E-ATX,NULL
be quiet! Dark Base Pro 900 Big-Tower - silver Window,E-ATX,NULL
"be quiet! Dark Base Pro 900 Big-Tower, Rev. 2 - orange",E-ATX,NULL
"be quiet! Dark Base Pro 900 Big-Tower, Rev. 2 - black",E-ATX,NULL
"be quiet! Dark Base Pro 900 Big-Tower, Rev. 2 - silver",E-ATX,NULL
be quiet! Dark Base Pro 901 Big-Tower - white,E-ATX,299.89
be quiet! DARK BASE PRO 901 | Black,ATX,299.89
be quiet! LIGHT BASE 600 DX Black,ATX,149.9
be quiet! LIGHT BASE 600 DX White,ATX,149.9
be quiet! LIGHT BASE 600 LX Black,ATX,189.9
be quiet! LIGHT BASE 600 LX White,ATX,189.9
be quiet! LIGHT BASE 900 DX Black,ATX,249.9
be quiet! LIGHT BASE 900 DX White,ATX,249.9
be quiet! LIGHT BASE 900 FX Black,ATX,249.9
be quiet! LIGHT BASE 900 FX White,ATX,249.9
be quiet! PURE BASE 500 FX Black,ATX,129.9
be quiet! Pure Base 500 Midi-Tower - anthrazit,ATX,NULL
be quiet! Pure Base 500 Midi-Tower - black,ATX,129.9
be quiet! Pure Base 500 Midi-Tower - white,ATX,129.9
be quiet! Pure Base 500 Midi-Tower - Window anthrazit,ATX,NULL
be quiet! Pure Base 500 Midi-Tower - Window black,ATX,NULL
be quiet! Pure Base 500 Midi-Tower - Window white,ATX,NULL
be quiet! PURE BASE 501 Airflow Black,ATX,109.9
be quiet! PURE BASE 501 Airflow White,ATX,109.9
be quiet! PURE BASE 501 Airflow Window Black,ATX,109.9
be quiet! PURE BASE 501 Airflow Window White,ATX,109.9
be quiet! PURE BASE 501 Black,ATX,154.9
be quiet! Pure Base 501 DX Black,ATX,139.9
be quiet! Pure Base 501 DX White,ATX,139.9
be quiet! Pure Base 501 LX Black,ATX,154.9
be quiet! Pure Base 501 LX White,ATX,154.9
be quiet! Pure Base 600 Midi-Tower - orange Window,ATX,NULL
be quiet! Pure Base 600 Midi-Tower - black,ATX,119.9
be quiet! Pure Base 600 Midi-Tower - black Window,ATX,NULL
be quiet! Pure Base 600 Midi-Tower - silver,ATX,119.9
be quiet! Shadow Base 800 Black,ATX,207.99
be quiet! Shadow Base 800 DX Black,ATX,207.99
be quiet! Shadow Base 800 DX White,ATX,207.99
be quiet! Shadow Base 800 FX Black,ATX,207.99
be quiet! Shadow Base 800 FX White,ATX,207.99
be quiet! Silent Base 600 Midi-Tower - orange,ATX,169.9
be quiet! Silent Base 600 Midi-Tower - orange Window,ATX,NULL
be quiet! Silent Base 600 Midi-Tower - black,ATX,169.9
be quiet! Silent Base 600 Midi-Tower - black Window,ATX,NULL
be quiet! Silent Base 600 Midi-Tower - silver,ATX,169.9
be quiet! Silent Base 600 Midi-Tower - silver Window,ATX,NULL
be quiet! Silent Base 601 Midi-Tower - orange,E-ATX,169.9
be quiet! Silent Base 601 Midi-Tower - red,E-ATX,169.9
be quiet! Silent Base 601 Midi-Tower - black,E-ATX,169.9
be quiet! Silent Base 601 Midi-Tower - silver,E-ATX,169.9
"be quiet! Silent Base 601 Midi-Tower, Tempered Glass - orange",E-ATX,NULL
"be quiet! Silent Base 601 Midi-Tower, Tempered Glass - red",E-ATX,NULL
"be quiet! Silent Base 601 Midi-Tower, Tempered Glass - black",E-ATX,NULL
"be quiet! Silent Base 601 Midi-Tower, Tempered Glass - silver",E-ATX,NULL
be quiet! Silent Base 800 Midi-Tower - orange,ATX,199.9
be quiet! Silent Base 800 Midi-Tower - orange Window,ATX,NULL
be quiet! Silent Base 800 Midi-Tower - black Window,ATX,NULL
be quiet! Silent Base 800 Midi-Tower - silver,ATX,199.9
be quiet! Silent Base 800 Midi-Tower - silver Window,ATX,NULL
be quiet! Silent Base 801 Midi-Tower - orange,E-ATX,199.9
be quiet! Silent Base 801 Midi-Tower - orange Window,E-ATX,NULL
be quiet! Silent Base 801 Midi-Tower - red,E-ATX,199.9
be quiet! Silent Base 801 Midi-Tower - red Window,E-ATX,NULL
be quiet! Silent Base 801 Midi-Tower - black,E-ATX,199.9
be quiet! Silent Base 801 Midi-Tower - black Window,E-ATX,NULL
be quiet! Silent Base 801 Midi-Tower - silver,E-ATX,199.9
be quiet! Silent Base 801 Midi-Tower - silver Window,E-ATX,NULL
BitFenix Aegis Core Micro-ATX - black,Micro-ATX,NULL
BitFenix Aegis Core Micro-ATX - white/black,Micro-ATX,NULL
BitFenix Aegis Micro-ATX - blue/black,Micro-ATX,NULL
BitFenix Aegis Micro-ATX - yellow/black,Micro-ATX,NULL
BitFenix Aegis Micro-ATX - red/black,Micro-ATX,NULL
BitFenix Aegis Micro-ATX - black,Micro-ATX,NULL
BitFenix Aegis Micro-ATX - white/black,Micro-ATX,NULL
BitFenix Aurora Midi-Tower - black Tempered Glass Window,E-ATX,NULL
BitFenix Aurora Midi-Tower - white Tempered Glass Window,E-ATX,NULL
BitFenix Colossus M Mini-ITX RED/BLUE/GREEN LED - black,Mini-ITX,NULL
BitFenix Comrade Midi-Tower - black,ATX,NULL
BitFenix Comrade Midi-Tower - black Window,ATX,NULL
BitFenix Comrade Midi-Tower - white,ATX,NULL
BitFenix Comrade Midi-Tower - white Window,ATX,NULL
"BitFenix Dawn TG A-RGB Midi-Tower, Tempered Glass - black",E-ATX,NULL
"BitFenix Enso Mesh RGB Midi-Tower, Tempered Glass - black",E-ATX,NULL
"BitFenix Enso Mesh RGB Midi-Tower, Tempered Glass - white",E-ATX,NULL
"BitFenix Enso Mesh TG 4ARGB Midi-Tower, Tempered Glass - black",E-ATX,NULL
"BitFenix Enso Mesh TG 4ARGB Midi-Tower, Tempered Glass - white",E-ATX,NULL
"BitFenix Enso RGB Midi-Tower, Tempered Glass - black",E-ATX,NULL
"BitFenix Enso RGB Midi-Tower, Tempered Glass - white",E-ATX,NULL
BitFenix Neos Midi-Tower - black/blue,ATX,NULL
BitFenix Neos Midi-Tower - black/gold Window,ATX,NULL
BitFenix Neos Midi-Tower - black/red,ATX,NULL
BitFenix Neos Midi-Tower - black/black,ATX,NULL
BitFenix Neos Midi-Tower - black/silver,ATX,NULL
BitFenix Neos Midi-Tower - white/blue,ATX,NULL
BitFenix Neos Midi-Tower - white/red,ATX,NULL
BitFenix Neos Midi-Tower - white/silver,ATX,NULL
BitFenix Neos Midi-Tower - white/violett Window,ATX,NULL
BitFenix Neos Midi-Tower - white/white,ATX,NULL
BitFenix Nova Mesh SE Midi-Tower - black,ATX,NULL
"BitFenix Nova Mesh SE Midi-Tower, Tempered Glass - white",ATX,NULL
"BitFenix Nova Mesh SE TG ARGB Midi-Tower, Tempered Glass - white/lila",ATX,NULL
"BitFenix Nova Mesh TG A-RGB Midi-Tower, Tempered Glass - black",E-ATX,NULL
"BitFenix Nova Mesh TG A-RGB Midi-Tower, Tempered Glass - white",E-ATX,NULL
"BitFenix Nova Mesh TG Midi-Tower, Tempered Glass - black",E-ATX,NULL
"BitFenix Nova Mesh TG Midi-Tower, Tempered Glass - white",E-ATX,NULL
"BitFenix Nova TG Midi-Tower, Tempered Glass - black",ATX,NULL
"BitFenix Nova TG Midi-Tower, Tempered Glass - white",ATX,NULL
BitFenix Pandora ATX Core Midi-Tower - black Window,ATX,NULL
BitFenix Pandora ATX Midi-Tower - black Window,ATX,NULL
BitFenix Pandora Core Micro-ATX - black Window,Micro-ATX,NULL
BitFenix Portal Mini-ITX - black,Mini-ITX,NULL
BitFenix Portal Mini-ITX - black Window,Mini-ITX,NULL
BitFenix Portal Mini-ITX - white,Mini-ITX,NULL
BitFenix Portal Mini-ITX - white Window,Mini-ITX,NULL
"BitFenix Prodigy M Micro-ATX, Window - white",Micro-ATX,NULL
"BitFenix Saber TG Midi-Tower, Tempered Glass - black",E-ATX,NULL
BitFenix Shadow Midi-Tower - black,ATX,NULL
BitFenix Shinobi Core Midi-Tower USB 3.0 - black,ATX,NULL
BitFenix Shinobi Core Midi-Tower USB 3.0 - black Window,ATX,NULL
BitFenix Shinobi Core Midi-Tower USB 3.0 - white,ATX,NULL
BitFenix Shinobi Core Midi-Tower USB 3.0 - white Window,ATX,NULL
BitFenix Shinobi Midi-Tower GER Edition - black/red/gold,ATX,NULL
BitFenix Shinobi Midi-Tower GER Edition - black/red/gold Window,ATX,NULL
BitFenix Shinobi Midi-Tower USB 3.0 - black,ATX,NULL
BitFenix Shinobi Midi-Tower USB 3.0 - black Window,ATX,NULL
BitFenix Shinobi Midi-Tower USB 3.0 - black/grün/grün Window,ATX,NULL
BitFenix Shinobi Midi-Tower USB 3.0 - white/blue/dunkelblue,ATX,NULL
BitFenix Shinobi Midi-Tower USB 3.0 - white/black/black,ATX,NULL
"BitFenix Shogun Midi-Tower, Tempered Glass - black Window",E-ATX,NULL
Carbide Series 100R Mid-Tower,ATX,NULL
Carbide Series 100R Silent Edition Mid-Tower,ATX,NULL
Carbide Series 270R ATX Mid-Tower,ATX,NULL
Carbide Series 270R Windowed ATX Mid-Tower,ATX,NULL
Carbide Series 330R Quiet Mid-Tower,ATX,NULL
Carbide Series 330R Titanium Edition Silent Mid-Tower,ATX,NULL
Carbide Series Air 240 Arctic White High Airflow MicroATX and Mini-ITX,Micro-ATX,NULL
Carbide Series Air 240 High Airflow MicroATX and Mini-ITX,Micro-ATX,NULL
Carbide Series Air 540 Arctic White High Airflow ATX Cube,E-ATX,NULL
Carbide Series Air 540 High Airflow ATX Cube,E-ATX,NULL
Carbide Series Clear 400C Compact Mid-Tower,E-ATX,NULL
Carbide Series Clear 400C Compact Mid-Tower  — White,E-ATX,NULL
Carbide Series Clear 600C Inverse ATX Full-Tower,ATX,NULL
Carbide Series Quiet 400Q Compact Mid-Tower,E-ATX,NULL
Carbide Series Quiet 600Q Inverse ATX Full-Tower,ATX,NULL
Carbide Series SPEC-01 Red LED Mid-Tower Gaming,ATX,NULL
Carbide Series SPEC-03 Red LED Mid-Tower Gaming,ATX,NULL
Carbide Series SPEC-ALPHA Mid-Tower Gaming  — Black/Red,ATX,NULL
Carbide Series SPEC-ALPHA Mid-Tower Gaming  — Black/Silver,ATX,NULL
Carbide Series SPEC-ALPHA Mid-Tower Gaming  — Black/Yellow,ATX,NULL
Carbide Series SPEC-ALPHA Mid-Tower Gaming  — White/Red,ATX,NULL
Carbide Series SPEC-OMEGA Tempered Glass Mid-Tower ATX Gaming  - Black,ATX,NULL
Carbide Series SPEC-OMEGA Tempered Glass Mid-Tower ATX Gaming  - Black/Red,ATX,NULL
Carbide Series SPEC-OMEGA Tempered Glass Mid-Tower ATX Gaming  - Black/White,ATX,NULL
Chieftec AL-01B Falcon Midi-Tower - black,ATX,NULL
Chieftec APEX AIR GA-01B-M-OP ATX,ATX,NULL
Chieftec APEX GA-01B-TG-OP ATX,ATX,NULL
Chieftec AS-01B-OP computer Case,ATX,NULL
Chieftec AS-02B-OP computer Case,ATX,NULL
Chieftec AS-02B-TG-OP computer Case,ATX,NULL
Chieftec AZ-01B-OP computer Case,Micro-ATX,NULL
Chieftec BE-10B-300 computer Case,Micro-ATX,169.29
Chieftec Bravo Serie BH-01B-U3 Midi-Tower - black,E-ATX,NULL
Chieftec Bravo Serie BM-01B-U3 Midi-Tower - black,ATX,NULL
Chieftec BX-10B-M-OP computer Case,Micro-ATX,95.63
Chieftec BX-10B-OP computer Case,Micro-ATX,95.63
Chieftec CN-01B-OP computer Case,Mini-ITX,95.54
Chieftec Elox Serie HT-01B Micro-ATX inkl. 350 Watt Netzteil,Micro-ATX,NULL
Chieftec Giga Serie DF-02B-U3 Midi-Tower - black,ATX,NULL
Chieftec GL-04B-OP computer Case,ATX,NULL
Chieftec GS-03B-OP computer Case,ATX,NULL
Chieftec GT-01B-OP computer Case,ATX,NULL
Chieftec HQ-01B Midi-Tower - black,ATX,NULL
Chieftec IX-06B-OP computer Case,Micro-ATX,NULL
Chieftec Libra Serie LF-01B Midi-Tower - black,ATX,NULL
"Chieftec mATX case GM-30B-M-OP, black",ATX,NULL
Chieftec Mesh Serie CQ-1B-U3 Midi-Tower - black,ATX,NULL
Chieftec Mesh Serie CT-01B Micro-ATX inkl. Netzteil 350 Watt,Micro-ATX,NULL
"Chieftec Midi Tower BS-20B-OP, black o.NT",Micro-ATX,NULL
"Chieftec Midi Tower GS-03B-BLK-OP, black",ATX,NULL
Chieftec PC- case GA-01B-L-OP APEX LUMO,ATX,NULL
Chieftec SCORPION 4,ATX,95.54
Chieftec Scorpion GL-01B Tempered Glass Midi-Tower - black,ATX,NULL
Chieftec Smart Serie CH-09B-U3 Midi-Tower - black,E-ATX,NULL
Chieftec Smart SH-03B Midi-Tower - black,E-ATX,NULL
Chieftec Stallion 3,ATX,120.16
Chieftec Stallion GP-01B Midi-Tower - black,ATX,NULL
Chieftec Stallion II,ATX,NULL
Chieftec Stallion III,ATX,NULL
Chieftec UB-03B-350GPB computer Case,Micro-ATX,NULL
Chieftec UC-03B-OP computer Case,ATX,NULL
Chieftec Uni Serie BM-02B-U3 Midi-Tower - black,ATX,NULL
Chieftec Visio GM-30B-TG-OP black Tempered Glass x 2,ATX,NULL
CoolBox COO-PCT310-1 computer Case,Micro-ATX,NULL
CoolBox COO-PCT313-1 computer Case,Micro-ATX,NULL
CoolBox M-550C,Micro-ATX,NULL
CoolBox M-580,Micro-ATX,NULL
CoolBox T-310,Micro-ATX,NULL
Cooler Master 690 III Advanced Midi-Tower - pure black,ATX,NULL
Cooler Master 690 III Advanced Midi-Tower - Window pure black,ATX,NULL
"Cooler Master Cosmos C700M Big Tower - Tempered Glass, black",E-ATX,NULL
Cooler Master Cosmos SE COS-5000-KWN1 Big-Tower - black,ATX,NULL
Cooler Master Elite 130 RC-130-KKN1 Mini-ITX - black,Mini-ITX,NULL
"Cooler Master HAF 500, Midi-Tower, ARGB, Tempered Glass - black",E-ATX,NULL
"Cooler Master HAF 500, Midi-Tower, ARGB, Tempered Glass - white",E-ATX,NULL
Cooler Master HAF700 EVO ATX,E-ATX,349.99
"Cooler Master MasterBox 540 Midi-Tower, ARGB, Tempered Glass - black",E-ATX,NULL
Cooler Master MasterBox E500L Midi-Tower - blue,ATX,NULL
Cooler Master MasterBox E500L Midi-Tower - silver Window,ATX,NULL
"Cooler Master MasterBox E500L Midi-Tower, blue Window",ATX,NULL
"Cooler Master MasterBox E500L Midi-Tower, red",ATX,79.99
"Cooler Master MasterBox E500L Midi-Tower, red Window",ATX,NULL
"Cooler Master MasterBox E500L Midi-Tower, silver",ATX,NULL
"Cooler Master MasterBox K500 Midi-Tower, Tempered Glass - black",ATX,NULL
Cooler Master MasterBox Lite 3.1 TG Midi-Tower - black Window,Micro-ATX,NULL
"Cooler Master MasterBox MB500, TG, black",ATX,154.86
Cooler Master MasterBox MB530P Midi-Tower - black,ATX,72.06
Cooler Master MasterBox Midi-Tower MB600L w/ODD - blue,ATX,72.06
Cooler Master MasterBox Midi-Tower MB600L w/ODD - Gunmetal,ATX,72.06
Cooler Master MasterBox Midi-Tower MB600L w/ODD - red,ATX,72.06
Cooler Master MasterBox Pro 5 RGB Midi-Tower - black Window,E-ATX,NULL
"Cooler Master MasterBox Q300L Mini, black",Micro-ATX,39.99
Cooler Master MasterBox Q300P Midi-Tower - black Window,Micro-ATX,72.06
"Cooler Master MasterCase H500M Midi-Tower, Tempered Glass - black",E-ATX,NULL
Cooler Master MasterCase H500P Mesh Midi-Tower - white,E-ATX,462.49
"Cooler Master MasterCase H500P Midi-Tower, Tempered Glass - black",E-ATX,NULL
Cooler Master MasterCase Maker 5 Midi-Tower - black Window,ATX,NULL
"Cooler Master MasterCase Maker 5t Midi-Tower, Tempered Glass - black",ATX,NULL
Cooler Master MasterCase MC500 TG Midi-Tower - black,E-ATX,NULL
Cooler Master MasterCase MC500M TG Midi-Tower - black,E-ATX,NULL
Cooler Master MasterCase MC500MT TG Midi-Tower - black,E-ATX,NULL
Cooler Master MasterCase MC500P TG Midi-Tower - black,E-ATX,NULL
Cooler Master MasterCase MC600P TG Midi-Tower - black,E-ATX,NULL
Cooler Master MasterCase Pro 3 Micro-ATX - black Window,Micro-ATX,NULL
Cooler Master MasterCase Pro 5 Midi-Tower - black Window,ATX,NULL
"Cooler Master MasterCase Pro 5 Midi-Tower, NVIDIA Edition - black Window",ATX,NULL
"Cooler Master MasterCase SL600M Midi-Tower, Tempered Glass - silver",E-ATX,NULL
Cooler Master N200 NSE-200-KKN1 Midi-Tower - black,Micro-ATX,NULL
Cooler Master N200 NSE-200-KWN1 Midi-Tower Window - black,Micro-ATX,NULL
Cooler Master N300 NSE-300-KKN1 Midi-Tower - black,ATX,NULL
Cooler Master RC-K280-KKN1 Midi-Tower - black,ATX,NULL
Cooler Master RC-K380-KWN1 Midi-Tower- black Window,ATX,NULL
Cooler Master Silencio RC-550-KKN1 Midi-Tower - black,ATX,NULL
Cooler Master Silencio RC-550M-KKN1 Midi-Tower - mattschwarz,ATX,NULL
Cooler Master Silencio S400 Steel Silent Mini-Tower - black,Micro-ATX,NULL
Cooler Master Silencio S400 TG Silent Mini-Tower - black,Micro-ATX,NULL
Cooler Master Silencio S600 Steel Silent Midi-Tower - black,ATX,NULL
Cooler Master Silencio SIL-352M-KKN1 Micro-ATX - black,Micro-ATX,NULL
Corsair 4000D Tempered Glass Midi-Tower - black Window,E-ATX,NULL
Corsair 4000D Tempered Glass Midi-Tower - white Window,E-ATX,NULL
"Corsair 5000D Midi-Tower, Tempered Glass - black",E-ATX,NULL
"Corsair 5000D Midi-Tower, Tempered Glass - white",E-ATX,NULL
"Corsair 6500D Airflow Midi-Tower, Tempered Glass - black",ATX,NULL
"Corsair 6500D Airflow Midi-Tower, Tempered Glass - white",ATX,NULL
"Corsair 6500X Midi-Tower, Tempered Glass - black",ATX,NULL
"Corsair 6500X Midi-Tower, Tempered Glass - white",ATX,NULL
Corsair Carbide 110Q Midi-Tower - black,ATX,NULL
Corsair Carbide 200R Midi-Tower - black Window,ATX,NULL
Corsair Carbide 275R Airflow Midi-Tower - black Window,ATX,NULL
Corsair Carbide 275R Airflow Midi-Tower - white Window,ATX,NULL
Corsair Carbide 88R Micro-ATX - black,Micro-ATX,NULL
Corsair Carbide Air 740 ATX Cube - black,E-ATX,NULL
Corsair Carbide SPEC-03 Midi-Tower - black/orange,ATX,NULL
Corsair Carbide SPEC-03 Midi-Tower - black/white,ATX,NULL
Corsair Carbide SPEC-04 Midi-Tower - black/yellow,ATX,NULL
Corsair Carbide SPEC-04 Midi-Tower - black/grey,ATX,NULL
Corsair Carbide SPEC-04 Midi-Tower - black/red,ATX,NULL
"Corsair Carbide SPEC-04 Midi-Tower, Tempered Glass - black/red",ATX,NULL
Corsair Carbide SPEC-05 Midi-Tower - black/red,ATX,NULL
"Corsair Carbide SPEC-06 RGB, Tempered Glass Midi-Tower - black",ATX,NULL
"Corsair Carbide SPEC-06 RGB, Tempered Glass Midi-Tower - white",ATX,NULL
"Corsair Carbide SPEC-06, Tempered Glass Midi-Tower - black",ATX,NULL
"Corsair Carbide SPEC-06, Tempered Glass Midi-Tower - white",ATX,NULL
Corsair Crystal 280X Midi-Tower - black,Micro-ATX,239.99
Corsair Crystal 280X Midi-Tower - white,Micro-ATX,164.99
Corsair Crystal 280X RGB Midi-Tower - black,Micro-ATX,239.99
Corsair Crystal 280X RGB Midi-Tower - white,Micro-ATX,164.99
Corsair Crystal 465X RGB Midi-Tower - black Window,ATX,NULL
Corsair Crystal 465X RGB Midi-Tower - white Window,ATX,NULL
Corsair Graphite 230T Midi-Tower - black/red,ATX,NULL
Corsair Graphite 230T Midi-Tower - black/red Window,ATX,NULL
Corsair Graphite 760T V2 Big-Tower - black Window,E-ATX,NULL
Corsair Graphite 760T V2 Big-Tower - black/white Window,E-ATX,NULL
Corsair Graphite 780T Big-Tower - black,E-ATX,NULL
Corsair iCUE 220T RGB Tempered Glass Midi-Tower - black,ATX,NULL
Corsair iCUE 220T RGB Tempered Glass Midi-Tower - white,ATX,NULL
Corsair iCUE 4000X RGB Tempered Glass Midi-Tower - black Window,E-ATX,NULL
Corsair iCUE 4000X RGB Tempered Glass Midi-Tower - white Window,E-ATX,NULL
"Corsair iCUE 5000T Midi-Tower, RGB, Tempered Glass - black",E-ATX,NULL
"Corsair iCUE 5000T Midi-Tower, RGB, Tempered Glass - white",E-ATX,NULL
"Corsair iCUE 5000X RGB Midi-Tower, Tempered Glass - black",E-ATX,NULL
"Corsair iCUE 5000X RGB Midi-Tower, Tempered Glass - white",E-ATX,NULL
"Corsair Obsidian 1000D Big-Tower, Tempered Glass - black",E-ATX,NULL
Corsair Obsidian 450D Midi-Tower - black Window,E-ATX,NULL
"Corsair Obsidian 500D Premium Midi-Tower, Tempered Glass - black Window",ATX,NULL
Corsair Obsidian 500D RGB Special Ed Midi-Tower - black Window,ATX,NULL
Corsair Obsidian 750D Airflow Ed Big-Tower - black Window,E-ATX,NULL
Corsair Obsidian 750D Big-Tower - black Window,E-ATX,NULL
Cougar Archon Midi-Tower - black Window,ATX,NULL
Cougar Archon V Midi-Tower - black Window,ATX,NULL
Cougar Conquer Design - black Window,ATX,NULL
Cougar Evolution Big-Tower - black Window,ATX,NULL
COUGAR Gaming 385KA10.0001 computer Case,ATX,NULL
COUGAR Gaming 385QM90.0011 computer Case,Mini-ITX,NULL
COUGAR Gaming Airface Pro RGB CGR-5AD1W-AIR-RGB,ATX,NULL
COUGAR Gaming Airface Pure Pro,ATX,NULL
COUGAR Gaming Airface RGB CGR-5ZD1B-AIR-RGB,ATX,NULL
COUGAR Gaming Archon 2 Mesh RGB,ATX,NULL
COUGAR Gaming Archon 2 Mesh RGB,ATX,NULL
COUGAR Gaming Archon 2 RGB,ATX,NULL
COUGAR Gaming Archon 2 RGB,ATX,NULL
COUGAR Gaming CGR-5AD1B-AIR-RGB,ATX,NULL
COUGAR Gaming CGR-5AD1B-RGB,ATX,NULL
COUGAR Gaming CGR-5C78W,ATX,NULL
COUGAR Gaming CGR-5LMSB,ATX,NULL
COUGAR Gaming CGR-5ZD1B-RGB,ATX,NULL
COUGAR Gaming CGR-5ZD1W-AIR-RGB,ATX,NULL
COUGAR Gaming Duoface Pro RGB,ATX,99.0
COUGAR Gaming FV150 RGB,ATX,NULL
COUGAR Gaming FV150 RGB,ATX,NULL
COUGAR Gaming FV270,ATX,NULL
COUGAR Gaming FV270,ATX,NULL
COUGAR Gaming FV270 RGB,ATX,NULL
COUGAR Gaming FV270 RGB,ATX,NULL
COUGAR Gaming MX220 RGB,ATX,NULL
COUGAR Gaming MX220 RGB,ATX,NULL
COUGAR Gaming MX330-G ProCGR-5NC3B-G,ATX,NULL
COUGAR Gaming MX360 RGB,ATX,240.25
COUGAR Gaming MX600 RGB,ATX,240.25
COUGAR Gaming MX600 RGB,ATX,240.25
COUGAR Gaming Panzer Max,ATX,179.99
COUGAR Gaming Purity,Micro-ATX,NULL
COUGAR Gaming PURITY RGB,Micro-ATX,NULL
COUGAR Gaming PURITY RGB,Micro-ATX,NULL
COUGAR Gaming UNIFACE RGB,ATX,79.98
Cougar MG110 Midi-Tower - black,Micro-ATX,NULL
Cougar MG110-W Midi-Tower - black Window,Micro-ATX,NULL
"Cougar MX340 Midi-Tower, Tempered Glass black",ATX,NULL
"Cougar Panzer Evo Big-Tower, Tempered Glass - black",E-ATX,NULL
"Cougar Panzer Evo RGB Big-Tower, Tempered Glass - black",E-ATX,NULL
Cougar Panzer G Tempered Glass Midi-Tower - black,ATX,NULL
Cougar Panzer Midi-Tower - black Window,ATX,NULL
Cougar Panzer S Midi-Tower - black/red Window,ATX,NULL
Cougar Puritas Tempered Glass Midi-Tower - black,ATX,NULL
Cougar QBX Mini-ITX - black Mesh Window,Mini-ITX,NULL
Cougar Solution 2 Midi-Tower - black Window,ATX,NULL
"Cougar Turret Midi-Tower, Tempered Glass - black",ATX,NULL
Cougar Volant 2 Midi-Tower - red,ATX,NULL
Cougar Volant 2 Midi-Tower - black,ATX,NULL
Cryorig Taku Mini-ITX/Monitorstand,Mini-ITX,NULL
Crystal Series 460X RGB Compact ATX Mid-Tower,ATX,NULL
Crystal Series 460X RGB Compact ATX Mid-Tower  — White,ATX,NULL
Crystal Series 570X RGB ATX Mid-Tower,ATX,NULL
Crystal Series 570X RGB ATX Mid-Tower  — Red,ATX,NULL
Crystal Series 570X RGB ATX Mid-Tower  — White,ATX,NULL
DAN Cases A4-SFX V3 Mini-ITX Gaming - silver,Mini-ITX,NULL
DAN Cases A4-SFX V4.1 Mini-ITX Gaming - black,Mini-ITX,NULL
DAN Cases A4-SFX V4.1 Mini-ITX Gaming - silver,Mini-ITX,NULL
Deep Gaming A230,ATX,NULL
Deep Gaming A232,ATX,NULL
Deep Gaming M235,ITX,NULL
DeepCool CH780 Big-Tower - black,E-ATX,NULL
DeepCool CH780 WH Big-Tower - white,E-ATX,NULL
EK Water Blocks Classic InWin 303EK Midi-Tower - black,E-ATX,NULL
EK Water Blocks Quantum InWin 909EK - Silver Limited Edition,E-ATX,NULL
Fractal Design ARC R2 Midi-Tower - black Window,ATX,NULL
Fractal Design Core 1000 USB3.0 Micro-ATX - black,Micro-ATX,NULL
Fractal Design Core 1100 Micro-ATX - black,Micro-ATX,49.99
Fractal Design Core 2300 Midi-Tower - black,ATX,NULL
Fractal Design Core 2500 Midi-Tower - black,ATX,NULL
Fractal Design Core 3300 Midi-Tower - black,ATX,NULL
Fractal Design Core 500 Mini-ITX - black,Mini-ITX,49.99
"Fractal Design Define 7 Black & White Midi-Tower - isolated, black/white",E-ATX,NULL
"Fractal Design Define 7 Black & White TG Midi-Tower - Tempered Glass, isolated, black/white",E-ATX,NULL
"Fractal Design Define 7 Black Dark TG Midi-Tower - getöntes Tempered Glass, isolated, black",E-ATX,NULL
"Fractal Design Define 7 Black Midi-Tower - isolated, black",E-ATX,NULL
"Fractal Design Define 7 Black TG Midi-Tower - Tempered Glass, isolated, black",E-ATX,NULL
"Fractal Design Define 7 Compact Black Midi-Tower - isolated, black",ATX,NULL
"Fractal Design Define 7 Compact Black TG Dark - getöntes Tempered Glass, isolated, black",ATX,NULL
"Fractal Design Define 7 Compact Black TG Midi-Tower - Tempered Glass, isolated, black",ATX,NULL
"Fractal Design Define 7 Gray Midi-Tower - isolated, grey",E-ATX,NULL
"Fractal Design Define 7 Gray TG Midi-Tower - Tempered Glass, isolated, grey",E-ATX,NULL
"Fractal Design Define 7 White Midi-Tower - isolated, white",E-ATX,NULL
"Fractal Design Define 7 White TG Midi-Tower - Tempered Glass, isolated, white",E-ATX,NULL
Fractal Design Define C Midi-Tower - black,ATX,119.99
Fractal Design Define C Midi-Tower - black Window,ATX,NULL
"Fractal Design Define C TG Midi-Tower, black, Tempered Glass",ATX,NULL
Fractal Design Define Mini C Micro-ATX - black,Micro-ATX,119.99
Fractal Design Define Mini C Micro-ATX - black Window,Micro-ATX,NULL
Fractal Design Define Mini C Tempered Glass Micro-ATX - black,Micro-ATX,NULL
Fractal Design Define Nano S Mini-ITX - black Window,Mini-ITX,NULL
Fractal Design Define R5 Black Pearl Midi-Tower - black,ATX,NULL
Fractal Design Define R5 Black Pearl Midi-Tower - black Window,ATX,NULL
Fractal Design Define R5 Blackout Edition Midi-Tower - black,ATX,NULL
Fractal Design Define R5 Blackout Edition Midi-Tower - black Window,ATX,NULL
Fractal Design Define R5 Midi-Tower - titanium grey,ATX,NULL
Fractal Design Define R5 Midi-Tower - titanium grey Window,ATX,NULL
Fractal Design Define R5 Midi-Tower - white,ATX,124.99
Fractal Design Define R5 Midi-Tower - white Window,ATX,NULL
Fractal Design Define R6 Black Midi-Tower - black,E-ATX,NULL
Fractal Design Define R6 Blackout Midi-Tower - black,E-ATX,NULL
Fractal Design Define R6 Blackout Tempered Glass Midi-Tower - black Window,E-ATX,NULL
Fractal Design Define R6 Grey Midi-Tower - grey,E-ATX,NULL
Fractal Design Define R6 Grey Tempered Glass Midi-Tower - grey,E-ATX,NULL
Fractal Design Define R6 Tempered Glass Midi-Tower - black,E-ATX,NULL
Fractal Design Define R6 USB-C Midi-Tower - grey,E-ATX,119.99
Fractal Design Define R6 USB-C Midi-Tower - black,E-ATX,NULL
Fractal Design Define R6 USB-C Midi-Tower - black/white,E-ATX,NULL
Fractal Design Define R6 USB-C Midi-Tower - Tempered Glass - black/white,E-ATX,NULL
"Fractal Design Define R6 USB-C Midi-Tower - Tempered Glass, grey",E-ATX,NULL
"Fractal Design Define R6 USB-C Midi-Tower - Tempered Glass, black",E-ATX,NULL
"Fractal Design Define R6 USB-C Midi-Tower - Tempered Glass, white",E-ATX,NULL
Fractal Design Define R6 USB-C Midi-Tower - white,E-ATX,NULL
Fractal Design Define R6 White Midi-Tower - white,E-ATX,NULL
Fractal Design Define R6 White Tempered Glass Midi-Tower - white,E-ATX,NULL
Fractal Design Define S Midi-Tower - black,ATX,119.99
Fractal Design Define S Midi-Tower - black Window,ATX,NULL
"Fractal Design Define S2 Blackout Midi-Tower, Tempered Glass, isolated - black",E-ATX,NULL
"Fractal Design Define S2 Midi-Tower, Tempered Glass - white",E-ATX,NULL
"Fractal Design Define S2 Midi-Tower, Tempered Glass, isolated - grey",E-ATX,NULL
"Fractal Design Define S2 Midi-Tower, Tempered Glass, isolated - black/white",E-ATX,NULL
"Fractal Design Define S2 Vision Blackout Midi-Tower, Tempered Glass - black",E-ATX,NULL
"Fractal Design Define S2 Vision RGB Midi-Tower, Tempered Glass - black",E-ATX,NULL
Fractal Design Define XL R2 Big-Tower - black,E-ATX,254.99
Fractal Design Era Mini-ITX - carbon,Mini-ITX,99.99
Fractal Design Era Mini-ITX - cobalt,Mini-ITX,208.55
Fractal Design Era Mini-ITX - gold,Mini-ITX,74.84
Fractal Design Era Mini-ITX - grey,Mini-ITX,74.84
Fractal Design Era Mini-ITX - silver,Mini-ITX,84.99
Fractal Design Focus G Midi-Tower - blue Window,ATX,74.84
Fractal Design Focus G Midi-Tower - grey Window,ATX,74.84
Fractal Design Focus G Midi-Tower - red Window,ATX,74.84
Fractal Design Focus G Midi-Tower - white Window,ATX,74.84
Fractal Design Focus G Mini Micro-ATX - black Window,Micro-ATX,74.84
Fractal Design Meshify S2 Midi-Tower - black,E-ATX,348.29
Fractal Design Meshify S2 TG Dark Tint Midi-Tower - black,E-ATX,NULL
Fractal Design Meshify S2 TG Midi-Tower - black,E-ATX,348.29
Fractal Design Meshify S2 TG Midi-Tower - white,E-ATX,348.29
Fractal Design Node 304 Mini-ITX - black,Mini-ITX,109.99
Fractal Design Node 304 Mini-ITX - white,Mini-ITX,109.99
Fractal Design Node 804 Micro-ATX - black Window,Micro-ATX,NULL
"Fractal Design Torrent Black TG Dark Tint, black",E-ATX,NULL
"Fractal Design Torrent Black TG Light Tint Midi-Tower, Tempered Glass - black",E-ATX,NULL
Fractal Design Torrent Black TG Light Tint RGB Midi-Tower - black,E-ATX,NULL
Fractal Design Torrent Compact TG Light Tint RGB Midi Tower - black,E-ATX,146.98
"Fractal Design Torrent Gray TG Light Tint, grey",E-ATX,NULL
Fractal Design Torrent Nano TG Light Tint RGB Midi Tower - black,Mini-ITX,NULL
"Fractal Design Torrent Solid Midi-Tower, black",E-ATX,NULL
"Fractal Design Vector RS Dark Tempered Glass, Midi-Tower - black",E-ATX,NULL
"Fractal Design Vector RS, Midi-Tower, Tempered Glass - black",E-ATX,NULL
FSP CMT160,ATX,NULL
FSP CMT192,ATX,NULL
FSP CMT195A,ATX,NULL
FSP CMT218,ATX,NULL
FSP CMT223S,ATX,NULL
FSP CMT380,ATX,NULL
FSP CMT580B,ATX,NULL
FSP CMT591A,ATX,NULL
FSP CST130 Basic,Micro-ATX,NULL
FSP CST360B/W,ATX,NULL
FSP CUT592,ATX,NULL
FSP CUT593A,ATX,139.99
FSP CUT593P,ATX,139.99
FSP CUT593P,ATX,139.99
GENESIS Diaxid 605 ARGB,ATX,NULL
GENESIS Diaxid 605 ARGB,ATX,NULL
GENESIS Diaxid 605F,ATX,NULL
GENESIS Irid 503,Micro-ATX,223.83
GENESIS Irid 505 ARGB,ATX,162.94
GENESIS Irid 505F,ATX,223.83
Geometric Future Caliburn Midi-Tower - black,E-ATX,99.9
Geometric Future Cowboy Midi-Tower- silver,E-ATX,NULL
Geometric Future Dali Midi-Tower - black,E-ATX,99.9
Geometric Future Dharma Midi-Tower - silver,E-ATX,99.9
Geometric Future King Arthur Midi-Tower - black,E-ATX,NULL
Geometric Future King Arthur Midi-Tower - white,E-ATX,NULL
Geometric Future Lohan Midi-Tower - black,E-ATX,99.9
Geometric Future Lohan Midi-Tower - white,E-ATX,NULL
Geometric Future Raphael Midi-Tower - black,E-ATX,99.9
"Geometric Future Zelluloid Midi-Tower - black, braune / blaue Front",E-ATX,NULL
GIGABYTE C102 GLASS,ATX,101.75
GIGABYTE C102 GLASS,Mini-ATX,101.75
GIGABYTE C201 PANORAMIC,Micro-ATX,165.01
GIGABYTE C201 PANORAMIC ICE,Micro-ATX,165.01
GIGABYTE C400,ATX,NULL
GIGABYTE GB-AC500G computer Case,ATX,NULL
GIGABYTE GB-AC500G ST computer Case,ATX,NULL
Graphite Series 380T Yellow Portable Mini ITX,Mini-ITX,NULL
Graphite Series 780T White Full-Tower,E-ATX,NULL
HGC Osmi 3.1 Aluminium Mini-ITX - black,Mini-ITX,NULL
HGC Osmi 3.1 Aluminium Mini-ITX - white,Mini-ITX,NULL
Hiditec H2 AIR ARGB,ATX,NULL
Hiditec MH12,ATX,NULL
Hiditec MH12,ATX,NULL
Hiditec Q5 PRO,Micro-ATX,NULL
Hiditec SKY,ATX,NULL
Hiditec SKY,ATX,NULL
Hiditec SLM30,ITX,NULL
Hiditec SM10,ITX,NULL
"IN WIN 101 TUF Midi-Tower, Tempered Glass - black",ATX,NULL
IN WIN 303 Aurora Edition Midi-Tower - black,E-ATX,NULL
IN WIN 303 Aurora Edition Midi-Tower - white,E-ATX,NULL
IN WIN 305 Midi-Tower - white,ATX,NULL
IN WIN 509 Big-Tower - black/grey,E-ATX,NULL
IN WIN 509 Big-Tower - black/red,E-ATX,NULL
IN WIN 8.O.S.S. Cube - black,Micro-ATX,NULL
IN WIN 805 Design Midi-Tower - gold,ATX,NULL
IN WIN 901 Design Mini-ITX Tower - black,Mini-ITX,NULL
IN WIN 901 Design Mini-ITX Tower - silver,Mini-ITX,NULL
IN WIN 904 Plus Design Midi-Tower - silver,ATX,NULL
IN WIN D-Frame 2.0 Design Big-Tower - black/gold,E-ATX,NULL
"IN WIN D-Frame 2.0 Design Big-Tower, NVIDIA Edition - black/grün",E-ATX,NULL
IN WIN D-Frame Mini Mini-ITX - red,Mini-ITX,NULL
InWin 101 Midi-Tower - black,Micro-ATX,NULL
InWin 101 Midi-Tower - white,Micro-ATX,NULL
InWin 101C Midi-Tower - black,Micro-ATX,NULL
InWin 101C Midi-Tower - white,Micro-ATX,NULL
InWin 103 Midi-Tower - black,ATX,NULL
InWin 103 Midi-Tower - white,ATX,NULL
InWin 127 Midi-Tower Tempered Glass - black,ATX,NULL
InWin 301 Micro-ATX - black,Micro-ATX,NULL
InWin 301 Micro-ATX - white,Micro-ATX,NULL
"InWin 301 Micro-ATX, 450 Watt Netzteil - black",Micro-ATX,NULL
InWin 301C Micro-ATX - black,Micro-ATX,NULL
InWin 301C Micro-ATX - white,Micro-ATX,NULL
InWin 303 Midi-Tower - black,E-ATX,NULL
InWin 303 Midi-Tower - white,E-ATX,NULL
InWin 303 Midi-Tower MSI Dragon Edition - white,E-ATX,NULL
InWin 303C Midi-Tower - black,E-ATX,NULL
InWin 303C Midi-Tower - white,E-ATX,NULL
InWin 303i Asus Edition Midi-Tower,ATX,NULL
InWin 305 Midi-Tower - black,ATX,NULL
"InWin 307 Midi-Tower, RGB, Tempered Glass - white",ATX,NULL
"InWin 309 Midi-Tower, RGB, Tempered Glass - black",ATX,NULL
InWin 503 Midi-Tower - black/red,ATX,NULL
InWin 515 Midi-Tower Tempered Glass - black,E-ATX,NULL
InWin 805 Design Midi-Tower - red,ATX,NULL
InWin 805i Design Midi-Tower - black,ATX,NULL
InWin 904 Plus Design Midi-Tower - black,ATX,NULL
"InWin 905 Midi-Tower, OLED, Tempered Glass - silver",E-ATX,NULL
"InWin 905 Midi-Tower, RGB, Tempered Glass - silver",E-ATX,NULL
InWin 909 Design Big-Tower - black,E-ATX,NULL
InWin 909 Design Big-Tower - silver,E-ATX,NULL
"InWin 915 Big Tower, Tempered Glass - black",E-ATX,NULL
"InWin 925 Big-Tower, RGB, Tempered Glass - black",E-ATX,NULL
"InWin 925 Big-Tower, RGB, Tempered Glass - black",E-ATX,NULL
"InWin A1 Mini-ITX, 600 Watt Netzteil - black",Mini-ITX,NULL
"InWin A1 Mini-ITX, 600 Watt Netzteil - white",Mini-ITX,NULL
"InWin A1 Plus Mini-ITX, inkl. 650 Watt - pink",Mini-ITX,NULL
"InWin A1 Plus Mini-ITX, inkl. 650 Watt - black",Mini-ITX,NULL
"InWin A1 Plus Mini-ITX, inkl. 650 Watt - white",Mini-ITX,NULL
InWin Alice Midi-Tower - white/grey,E-ATX,NULL
"InWin D-Frame 2.0 Design Big-Tower, Intel Edition - white/blue",E-ATX,NULL
InWin D-Frame Mini Mini-ITX - orange,Mini-ITX,NULL
InWin D5 - black,E-ATX,105.0
InWin N127 Midi-Tower Tempered Glass - black,ATX,NULL
InWin N515 Midi-Tower Tempered Glass - black,E-ATX,NULL
InWin Z-Tower,E-ATX,NULL
itek DARK CAVE,Micro-ATX,NULL
itek DARK CAVE,Micro-ATX,NULL
itek DARK CAVE DS,ATX,NULL
itek DARK CAVE DS,ATX,NULL
itek EVOKE BRO,Mini-ATX,NULL
itek GALAXY 2Q,Mini-ITX,NULL
itek ITGCADCAGB computer Case,ATX,NULL
itek ITGCADCAGW computer Case,ATX,NULL
itek ITGCAST33B computer Case,ATX,NULL
itek LIFLIG W41,ITX,NULL
itek OXYGEN,ATX,NULL
itek PILOT Z15,Micro-ATX,NULL
itek PILOT Z15 Lite,Micro-ATX,NULL
itek PILOT Z23 Lite,Micro-ATX,NULL
itek PILOT Z27 Lite,ATX,NULL
itek PILOT Z8,Micro-ATX,NULL
itek PILOT Z8 Lite,Micro-ATX,NULL
itek PROMESH 35B,Micro-ATX,NULL
itek SHOWBUI 33B,ATX,NULL
itek SHOWBUI 42B,ATX,NULL
itek SHOWBUI 45B,ATX,NULL
itek SHOWBUI 45W,ATX,NULL
itek SIISBE 3.0,ATX,NULL
itek SUPREME 2F,ATX,NULL
itek SUPREME TB,ATX,NULL
itek SYLENT 03,ATX,NULL
itek SYLENT 07 EVO,ATX,NULL
itek THEON,Micro-ATX,NULL
itek VORTEX,ITX,NULL
itek WINCO OM,ATX,NULL
itek WINCO VM,ATX,NULL
itek WOODY,ATX,NULL
itek WOODY,ATX,NULL
"Jonsbo D300 Midi-Tower, 270 Grad, Tempered Glass - black",Micro-ATX,NULL
"Jonsbo D300 Midi-Tower, 270 Grad, Tempered Glass - white",Micro-ATX,NULL
"Jonsbo D40 ATX, Tempered Glass - black",ATX,NULL
"Jonsbo D40 ATX, Tempered Glass - silver",ATX,NULL
"Jonsbo D40 ATX, Tempered Glass - white",ATX,NULL
"Jonsbo MOD3 Big-Tower Showcase, Tempered Glass - grey",E-ATX,NULL
"Jonsbo MOD3 Big-Tower Showcase, Tempered Glass - white",E-ATX,NULL
Jonsbo QT01 Midi-Tower - black,ATX,NULL
Jonsbo RM2 Midi-Tower - black,ATX,NULL
Jonsbo RM2 Midi-Tower - silver,ATX,NULL
"Jonsbo RM3 Micro-ATX, Tempered Glass - black",Micro-ATX,NULL
"Jonsbo RM3 Micro-ATX, Tempered Glass - silver",Micro-ATX,NULL
"Jonsbo TR03-A Showcase, Tempered Glass - black",ATX,NULL
"Jonsbo TR03-A Showcase, Tempered Glass - silver",ATX,NULL
"Jonsbo TR03-G Showcase, Tempered Glass - black",ATX,NULL
"Jonsbo TR03-G Showcase, Tempered Glass - silver",ATX,NULL
Jonsbo V10 Mini-ITX - black,Mini-ITX,NULL
Jonsbo V10 Mini-ITX - silver,Mini-ITX,NULL
"Jonsbo V10 Mini-ITX, Tempered Glass - black",Mini-ITX,NULL
"Jonsbo V10 Mini-ITX, Tempered Glass - silver",Mini-ITX,NULL
Jonsbo VR4 ATX - black,ATX,NULL
Jonsbo VR4 ATX - white,ATX,NULL
Jonsplus i100 Pro Mini-ITX - black,Mini-ITX,NULL
Jonsplus i100 Pro Mini-ITX - silver,Mini-ITX,NULL
"Jonsplus i100 Pro Mini-ITX, Tempered Glass - black",Mini-ITX,NULL
"Jonsplus i100 Pro Mini-ITX, Tempered Glass - silver",Mini-ITX,NULL
"Jonsplus i400 ATX, Tempered Glass - black",ATX,NULL
"Jonsplus i400 ATX, Tempered Glass - silver",ATX,NULL
Kolink Aviator M Micro-ATX - black Window,Micro-ATX,NULL
Kolink Aviator M RGB Micro-ATX - black Window,Micro-ATX,NULL
Kolink Aviator Midi-Tower - mattschwarz Window,ATX,NULL
Kolink Aviator Midi-Tower - black Window,ATX,NULL
Kolink Aviator Midi-Tower - black/blue Window,ATX,NULL
Kolink Aviator Midi-Tower - black/grün Window,ATX,NULL
Kolink Aviator Midi-Tower - black/red Window,ATX,NULL
Kolink Aviator Midi-Tower - white Window,ATX,NULL
Kolink Aviator V Midi-Tower - black Window,ATX,NULL
"Kolink Balance ARGB Midi-Tower, Tempered Glass - black",E-ATX,NULL
"Kolink Bastion RGB Midi-Tower, Tempered Glass - black",E-ATX,NULL
"Kolink Bastion RGB Midi-Tower, Tempered Glass - white",E-ATX,NULL
Kolink Big Chungus ARGB Aluminium Showcase - black/red,E-ATX,NULL
"Kolink Castle Midi-Tower, Tempered Glass - black",ATX,NULL
Kolink Citadel Glass SE ARGB Micro-ATX - black,Micro-ATX,NULL
Kolink Citadel Mesh ATX ARGB Midi-Tower - black,E-ATX,NULL
Kolink Citadel Mesh RGB Micro-ATX - white,Micro-ATX,NULL
"Kolink Citadel Micro-ATX, Tempered Glass - black",Micro-ATX,NULL
"Kolink Ethereal RGB Midi-Tower, Tempered Glass - black",E-ATX,NULL
"Kolink Horizon RGB Midi-Tower, Tempered Glass - black",ATX,NULL
"Kolink Inspire K1 RGB Midi-Tower, Tempered Glass - black",ATX,NULL
"Kolink Inspire K10 ARGB Midi-Tower, Tempered Glass - black",ATX,NULL
"Kolink Inspire K11 ARGB Midi-Tower, Tempered Glass - black",ATX,NULL
"Kolink Inspire K2 A-RGB Micro-ATX, Tempered Glass - black",Micro-ATX,NULL
"Kolink Inspire K2 RGB Micro-ATX, Tempered Glass - black",Micro-ATX,NULL
"Kolink Inspire K3 RGB Micro-ATX, Tempered Glass - black",Micro-ATX,NULL
"Kolink Inspire K4 RGB Midi-Tower, Tempered Glass - black",ATX,NULL
Kolink Inspire K5 ARGB Midi-Tower - black Window,ATX,NULL
"Kolink Inspire K5 RGB Midi-Tower, Tempered Glass - black",ATX,NULL
Kolink Inspire K6 RGB Micro-ATX - black,Micro-ATX,NULL
Kolink Inspire K7 ARGB Midi-Tower - black,ATX,NULL
Kolink Inspire K8 ARGB Midi-Tower - black,ATX,NULL
Kolink Inspire K9 ARGB Midi-Tower - black,ATX,NULL
Kolink K6T RGB Micro-ATX - black Window,Micro-ATX,NULL
Kolink KLA-002 Midi-Tower - black,ATX,NULL
Kolink KLA-003 Midi-Tower - black,ATX,NULL
"Kolink Levante Midi-Tower, Tempered Glass - black Window",E-ATX,NULL
Kolink Levante V2 ARGB Black Midi-Tower,E-ATX,NULL
Kolink Luminosity Midi-Tower - black Window,ATX,NULL
Kolink Luminosity RGB Midi-Tower - black Window,ATX,NULL
"Kolink Nimbus RGB Midi-Tower, Tempered Glass - black",ATX,NULL
Kolink Observatory Lite ARGB Midi Tower - mattweiß,ATX,NULL
Kolink Observatory Lite Mesh ARGB Midi Tower - mattweiß,ATX,NULL
Kolink Observatory Lite Mesh RGB Midi-Tower - black,ATX,NULL
Kolink Observatory Lite RGB Midi-Tower - black,ATX,NULL
"Kolink Observatory RGB Midi-Tower, Tempered Glass - black Window",E-ATX,NULL
"Kolink Observatory RGB Midi-Tower, Tempered Glass - white Window",E-ATX,NULL
"Kolink Observatory Y AMD SE, ARGB Midi-Tower - black",E-ATX,NULL
Kolink Observatory Y ARGB Midi-Tower - black,E-ATX,209.99
Kolink Observatory Y Mesh ARGB Midi-Tower - black,E-ATX,NULL
Kolink Observatory Z ARGB Midi-Tower - black,E-ATX,209.99
Kolink Observatory Z Mesh ARGB Midi-Tower - black,E-ATX,NULL
"Kolink Outline RGB Midi-Tower, Tempered Glass - black",E-ATX,NULL
"Kolink Phalanx RGB Midi-Tower, Tempered Glass - black",E-ATX,NULL
"Kolink Phalanx V2 ARGB Midi-Tower, Tempered Glass - black",E-ATX,NULL
Kolink Pitch Midi-Tower - black Window,ATX,NULL
Kolink Punisher Midi-Tower - black Window,ATX,NULL
Kolink Punisher Midi-Tower - white Window,ATX,NULL
Kolink Punisher RGB Midi-Tower - black Window,ATX,NULL
"Kolink Quantum RGB Midi-Tower, Tempered Glass - black",E-ATX,NULL
"Kolink Refine RGB Midi-Tower, Tempered Glass - black",E-ATX,NULL
Kolink Refractor Midi-Tower - black Window,ATX,NULL
Kolink Refractor RGB Midi-Tower - black Window,ATX,NULL
Kolink Rocket Mini-ITX Gaming - black,Mini-ITX,NULL
Kolink Sanctuary Micro-ATX Cube - black Window,Micro-ATX,NULL
Kolink Satellite Plus Mini-ITX- / Micro-ATX - black,Micro-ATX,NULL
Kolink Stronghold Barricade Midi-Tower - Gunmetal Grey,E-ATX,NULL
"Kolink Stronghold Midi-Tower, Tempered Glass - black",E-ATX,NULL
"Kolink Stronghold Midi-Tower, Tempered Glass - white",E-ATX,NULL
Kolink Stronghold Overseer Midi-Tower - black,ATX,NULL
Kolink Stronghold Prime Midi-Tower - black,E-ATX,NULL
Kolink Stronghold Prism Midi-Tower - black,E-ATX,NULL
"Kolink Tranquility Midi-Tower - black, isolated",ATX,NULL
Kolink Unity Code X ARGB Midi-Tower - black Window,ATX,NULL
Kolink Vault Midi-Tower - black/blue Window,E-ATX,NULL
Kolink Vault Midi-Tower - black/grün Window,E-ATX,NULL
Kolink Vault Midi-Tower - black/red Window,E-ATX,NULL
Kolink Vault RGB Midi-Tower - black Window,E-ATX,NULL
Kolink Victory A Midi-Tower - black,ATX,NULL
Kolink VOID RGB Midi-Tower - black Window,ATX,NULL
Kolink VOID RGB Midi-Tower - white Window,ATX,NULL
Kolink Void Rift ARGB Midi Tower - black,ATX,NULL
Kolink Void X ARGB Midi-Tower - black,E-ATX,NULL
"Lian Li Alpha 330W Midi-Tower, Tempered Glass - white",E-ATX,NULL
"Lian Li Alpha 330X Midi-Tower, Tempered Glass - black",E-ATX,NULL
"Lian Li Alpha 550W Midi-Tower, Tempered Glass - white",E-ATX,NULL
"Lian Li Alpha 550X Midi-Tower, Tempered Glass - black",E-ATX,NULL
"Lian Li LANCOOL 205 Mesh, Midi-Tower - white",ATX,239.95
"Lian Li LANCOOL 205 Midi-Tower, Tempered Glass - white",ATX,NULL
"Lian Li LANCOOL 215 Midi-Tower - ARGB, Tempered Glass, white",E-ATX,NULL
"Lian Li LANCOOL 216 RGB, E-ATX, Midi-Tower - black",E-ATX,132.99
"Lian Li LANCOOL 216 RGB, E-ATX, Midi-Tower - white",E-ATX,NULL
"Lian Li LANCOOL II Mesh C RGB Midi-Tower, Tempered Glass - black",E-ATX,NULL
"Lian Li LANCOOL II Mesh C RGB Snow Edition Midi-Tower, Tempered Glass - white",E-ATX,NULL
"Lian Li LANCOOL II Mesh Performance Midi-Tower, Tempered Glass - black",E-ATX,NULL
"Lian Li LANCOOL II Mesh RGB Midi-Tower, Tempered Glass - white",E-ATX,NULL
Lian Li LANCOOL ONE Digital Champagne Limited Edition Midi-Tower - gold,E-ATX,NULL
Lian Li LANCOOL ONE Digital Midi-Tower - black,E-ATX,NULL
Lian Li LANCOOL ONE Digital Midi-Tower - white,E-ATX,NULL
Lian Li LANCOOL ONE Midi-Tower - black,E-ATX,NULL
"Lian Li O11 Air Mini, Midi-Tower, Tempered Glass - black",E-ATX,NULL
"Lian Li O11 Air Mini, Midi-Tower, Tempered Glass - white",E-ATX,NULL
"Lian Li O11 Dynamic EVO, Tempered Glass - grey",E-ATX,249.99
"Lian Li O11 Dynamic EVO, Tempered Glass - black",E-ATX,NULL
"Lian Li O11 Dynamic EVO, Tempered Glass - white",E-ATX,NULL
"Lian Li O11 Dynamic Mini, Midi-Tower mit Netzteil 750 Watt - black",ATX,NULL
"Lian Li O11 Dynamic Mini, Midi-Tower, Tempered Glass - black",ATX,NULL
"Lian Li O11 Dynamic Mini, Midi-Tower, Tempered Glass - white",ATX,NULL
"Lian Li O11 Dynamic PCMR Special Edition, Tempered Glass - spacegrau",E-ATX,NULL
Lian Li O11Dynamic XL (ROG Certified) Midi-Tower - black,E-ATX,NULL
Lian Li O11Dynamic XL (ROG Certified) Midi-Tower - silver,E-ATX,NULL
Lian Li O11Dynamic XL (ROG Certified) Midi-Tower - white,E-ATX,NULL
Lian Li PC-100B Midi-Tower - black,E-ATX,NULL
Lian Li PC-18A Midi-Tower - silver,ATX,NULL
Lian Li PC-7HWX Midi-Tower - black/black Window,ATX,NULL
Lian Li PC-7HX Midi-Tower - black/black,ATX,NULL
Lian Li PC-7NB Midi-Tower - black,ATX,NULL
Lian Li PC-8FB Midi-Tower - black,ATX,NULL
Lian Li PC-9NB Midi-Tower USB 3.0 - black,ATX,NULL
Lian Li PC-A75WX Big-Tower - black/black Window,E-ATX,NULL
Lian Li PC-A75X Big-Tower - black/black,E-ATX,NULL
Lian Li PC-A76WX Big-Tower - black/black Window,E-ATX,NULL
Lian Li PC-A79A Big-Tower - silver,E-ATX,NULL
Lian Li PC-A79B Big-Tower - black,E-ATX,NULL
Lian Li PC-D600WA Big-Tower - silver,E-ATX,NULL
Lian Li PC-D600WB Big-Tower - black,E-ATX,NULL
Lian Li PC-D888WX 8Pack Limited Edition Big-Tower - black,E-ATX,NULL
Lian Li PC-J60B Midi-Tower - black,ATX,NULL
Lian Li PC-J60WRX Midi-Tower - black/red Window,ATX,NULL
Lian Li PC-J60WX Midi-Tower - black Window,ATX,NULL
Lian Li PC-K5WX Midi-Tower - black Window,ATX,NULL
Lian Li PC-K6SX ATX Midi-Tower - black,ATX,NULL
Lian Li PC-O10WX Midi-Tower - black Window,E-ATX,NULL
"Lian Li PC-O11 Air Midi-Tower, Tempered Glass - black",E-ATX,NULL
"Lian Li PC-O11 Air RGB Midi-Tower, Tempered Glass - black",E-ATX,NULL
"Lian Li PC-O11D Razer Edition Midi-Tower, Tempered Glass",E-ATX,NULL
"Lian Li PC-O11DW Dynamic Midi-Tower, Tempered Glass - white",E-ATX,NULL
"Lian Li PC-O11DX Dynamic Midi-Tower, Tempered Glass - black",E-ATX,NULL
"Lian Li PC-O11WGX ""ROG Edition"" Midi-Tower - black Window",E-ATX,NULL
Lian Li PC-O11WW Midi-Tower - white Window,E-ATX,NULL
Lian Li PC-O11WXC Midi-Tower - black Window,E-ATX,NULL
Lian Li PC-O12WX Midi-Tower - black Window,E-ATX,NULL
Lian Li PC-O5SW Mini-ITX - white,Mini-ITX,NULL
Lian Li PC-O5SX Mini-ITX - black,Mini-ITX,NULL
Lian Li PC-O5X Mini-ITX - black,Mini-ITX,NULL
Lian Li PC-O6SX Micro-ATX - black,Micro-ATX,NULL
Lian Li PC-O7SW ATX - white,ATX,NULL
Lian Li PC-O7SX ATX - black,ATX,NULL
Lian Li PC-O8SWX ATX - black Window,E-ATX,NULL
Lian Li PC-O8WBU ATX - blue,E-ATX,NULL
Lian Li PC-O8WBW ATX - white,E-ATX,NULL
Lian Li PC-O8WGD ATX - gold,E-ATX,NULL
Lian Li PC-O8WGN ATX - grün,E-ATX,NULL
Lian Li PC-O8WX ATX - black,E-ATX,NULL
Lian Li PC-O9WX ATX - black Window,E-ATX,NULL
Lian Li PC-Q01A Mini-ITX - silver,Mini-ITX,NULL
Lian Li PC-Q10WX Mini-ITX Cube - black,Mini-ITX,NULL
Lian Li PC-Q20B Mini-ITX Cube - black,Mini-ITX,NULL
Lian Li PC-Q21A Mini-ITX Cube - silver,Mini-ITX,NULL
Lian Li PC-Q21B Mini-ITX Cube - black,Mini-ITX,NULL
Lian Li PC-Q33A Mini-ITX Cube - silver,Mini-ITX,NULL
Lian Li PC-Q33B Mini-ITX Cube - black,Mini-ITX,NULL
Lian Li PC-Q34A Mini-ITX - silver,Mini-ITX,NULL
Lian Li PC-Q34B Mini-ITX - black,Mini-ITX,NULL
Lian Li PC-Q34GD Mini-ITX - gold,Mini-ITX,NULL
Lian Li PC-Q34RD Mini-ITX - red,Mini-ITX,NULL
Lian Li PC-Q35A Mini-ITX Cube - silver,Mini-ITX,NULL
"Lian Li PC-Q37WX Mini-ITX, Tempered Glass - black",Mini-ITX,NULL
Lian Li PC-Q38WA Mini-ITX - silver,Mini-ITX,NULL
Lian Li PC-Q38WX Mini-ITX - black,Mini-ITX,NULL
"Lian Li PC-Q39GWX Mini-ITX, Tempered Glas - black",Mini-ITX,NULL
Lian Li PC-Q50A Mini-ITX - silver,Mini-ITX,NULL
Lian Li PC-Q50X Mini-ITX - black,Mini-ITX,NULL
Lian Li PC-TU100A Mini-ITX Cube - silver,Mini-ITX,NULL
Lian Li PC-TU100B Mini-ITX Cube - black,Mini-ITX,NULL
Lian Li PC-TU200A Mini-ITX Cube - silver,Mini-ITX,NULL
Lian Li PC-TU200B Mini-ITX Cube - black,Mini-ITX,NULL
"Lian Li PC-V2130B HTPX Big-Tower, black - isolated",E-ATX,NULL
"Lian Li PC-V3000WX Big-Tower, black - Tempered Glass",E-ATX,NULL
Lian Li PC-V320A Mini-ITX - silver,Micro-ATX,NULL
Lian Li PC-V320X Mini-ITX - black,Micro-ATX,NULL
Lian Li PC-V351A Micro-ATX Cube - silver,Micro-ATX,NULL
Lian Li PC-V720A ATX - silver,Micro-ATX,NULL
Lian Li PC-V720X ATX - black,Micro-ATX,NULL
Lian Li PC-X510WX Midi-Tower - black,ATX,NULL
Lian Li PC-Y6A Odyssey Yacht Mini-ITX - silver,Mini-ITX,NULL
Lian Li PC-Y6B Odyssey Yacht Mini-ITX - black,Mini-ITX,NULL
Lian Li PC-Y6W Odyssey Yacht Mini-ITX - white,Mini-ITX,NULL
Lian Li TU150A Mini-Tower - silver,Mini-ITX,NULL
"Lian Li TU150WX Mini-Tower, Tempered Glass - black",Mini-ITX,NULL
Lian Li TU150X Mini-Tower - black,Mini-ITX,NULL
Mars Gaming MC-1000,Micro-ATX,106.1
Mars Gaming MC-2000,ATX,106.1
Mars Gaming MC-3000,ATX,106.1
Mars Gaming MC-3C,ATX,106.1
Mars Gaming MC-3GF,ATX,106.1
Mars Gaming MC-3GFPRO,ATX,106.1
Mars Gaming MC-3GFW,ATX,106.1
Mars Gaming MC-3T,ATX,106.1
Mars Gaming MC-3T,ATX,106.1
Mars Gaming MC-3T,ATX,106.1
Mars Gaming MC-3T,ATX,106.1
Mars Gaming MC-3TCORE,ATX,106.1
Mars Gaming MC-3TCOREM,Micro-ATX,106.1
Mars Gaming MC-3TCOREMW,Micro-ATX,106.1
Mars Gaming MC-400,Micro-ATX,106.1
Mars Gaming MC-400,Micro-ATX,106.1
Mars Gaming MC-CORE,Micro-ATX,106.1
Mars Gaming MC-COREW,Micro-ATX,106.1
Mars Gaming MC-EDGE,ATX,106.1
Mars Gaming MC-EDGEW,ATX,106.1
Mars Gaming MC-ELITE,Micro-ATX,106.1
Mars Gaming MC-iPRO,ATX,106.1
Mars Gaming MC-LCD,Micro-ATX,106.1
Mars Gaming MC-LCD,Micro-ATX,106.1
Mars Gaming MC-MAG,ATX,106.1
Mars Gaming MC-MAG,ATX,106.1
Mars Gaming MC-MASTER,ATX,106.1
Mars Gaming MC-ME,Micro-ATX,106.1
Mars Gaming MC-MEW,Micro-ATX,106.1
Mars Gaming MC-NOVAM,Micro-ATX,106.1
Mars Gaming MC-NOVAMW,Micro-ATX,106.1
Mars Gaming MC-PRO2,ATX,106.1
Mars Gaming MC-S1,Micro-ATX,106.1
Mars Gaming MC-TITAN,ATX,106.1
Mars Gaming MC-TITANW,ATX,106.1
Mars Gaming MC-TOR,ATX,106.1
Mars Gaming MC-TORW,ATX,106.1
Mars Gaming MC-ULT,ATX,106.1
Mars Gaming MC-ULT,ATX,106.1
Mars Gaming MC-VIEWP,Micro-ATX,106.1
Mars Gaming MC-VIEWW,Micro-ATX,106.1
Mars Gaming MC-VOLT,ATX,106.1
Mars Gaming MC-VOLTW,ATX,106.1
Mars Gaming MC-VORTEXW,Micro-ATX,106.1
Mars Gaming MC-WOOD,ATX,106.1
Mars Gaming MC-WOODC,ATX,106.1
Mars Gaming MC-X2,ATX,106.1
Mars Gaming MC-X2,ATX,106.1
Mars Gaming MC-X7,ATX,106.1
Mars Gaming MC-X7,ATX,106.1
Mars Gaming MC-XOW,ATX,106.1
Mars Gaming MC-XPRO,Micro-ATX,106.1
Mars Gaming MC-XPROW,Micro-ATX,106.1
Mars Gaming MC-XPS,Micro-ATX,106.1
Mars Gaming MC-XPSW,Micro-ATX,106.1
Mars Gaming MC61 computer Case,Micro-ATX,NULL
Mars Gaming MC61W computer Case,Micro-ATX,NULL
Mars Gaming MCART computer Case,ATX,NULL
Mars Gaming MCARTW computer Case,ATX,NULL
Mars Gaming MCB computer Case,ATX,NULL
Mars Gaming MCBW computer Case,ATX,NULL
Mars Gaming MCC computer Case,ATX,NULL
Mars Gaming MCCW computer Case,ATX,NULL
Mars Gaming MCF computer Case,ATX,NULL
Mars Gaming MCFUSIONM,Micro-ATX,106.1
Mars Gaming MCFUSIONM computer Case,Micro-ATX,NULL
Mars Gaming MCFW computer Case,ATX,NULL
Mars Gaming MCKX computer Case,ATX,NULL
Mars Gaming MCKXW computer Case,ATX,NULL
Mars Gaming MCN2 computer Case,ATX,NULL
Mars Gaming MCNEO computer Case,ATX,NULL
Mars Gaming MCNEOW computer Case,ATX,NULL
Mars Gaming MCNOVA computer Case,ATX,NULL
Mars Gaming MCORB computer Case,Micro-ATX,NULL
Mars Gaming MCORBR computer Case,Micro-ATX,NULL
Mars Gaming MCORBW computer Case,Micro-ATX,NULL
Mars Gaming MCS1 computer Case,Micro-ATX,NULL
Mars Gaming MCS1W computer Case,Micro-ATX,NULL
Mars Gaming MCS2 computer Case,Micro-ATX,NULL
Mars Gaming MCS2W computer Case,Micro-ATX,NULL
Mars Gaming MCU3 computer Case,ATX,NULL
Mars Gaming MCU3W computer Case,ATX,NULL
Mars Gaming MCULTRA computer Case,ATX,NULL
Mars Gaming MCULTRAW computer Case,ATX,NULL
Mars Gaming MCV2 computer Case,ATX,NULL
Mars Gaming MCV2P computer Case,ATX,NULL
Mars Gaming MCV2W computer Case,ATX,NULL
Mars Gaming MCV3 computer Case,ATX,NULL
Mars Gaming MCV3W computer Case,ATX,NULL
Mars Gaming MCV4,ATX,106.1
Mars Gaming MCV4,ATX,106.1
"Montech AIR 1000 Premium, Midi-Tower, Tempered Glass - white",ATX,NULL
"Montech AIR 1000 Premium, Midi-Tower, Tempered Glass, - black",ATX,NULL
"Montech AIR 1000 Silent, Midi-Tower - black",ATX,NULL
"Montech AIR X, Midi-Tower - black",E-ATX,NULL
"Montech AIR X, Midi-Tower - white",E-ATX,NULL
"Montech SKY ONE Lite, Midi-Tower, Tempered Glass - black",ATX,NULL
"Montech SKY ONE Lite, Midi-Tower, Tempered Glass - white",ATX,NULL
"Montech SKY TWO, Midi-Tower - black",ATX,NULL
"Montech SKY TWO, Midi-Tower - white",ATX,NULL
MSI CAS MPG GUNGNIR 110R WHITE,ATX,109.99
MSI MAG Forge 110R,ATX,79.98
MSI MAG FORGE 111R computer Case,ATX,NULL
MSI MAG Forge 112R,ATX,79.98
MSI MAG Forge 120A AIRFLOW,ATX,89.99
MSI MAG Forge 320R AIRFLOW,Micro-ATX,89.99
MSI MAG Forge 320R AIRFLOW,Micro-ATX,89.99
MSI MAG FORGE 321R AIRFLOW computer Case,ATX,89.99
MSI MAG Forge M100A,Micro-ATX,79.98
MSI MAG Forge M100R,Micro-ATX,79.98
MSI MAG Forge M100R,Micro-ATX,79.98
MSI MAG MEG MAESTRO 700L PZ computer Case,ATX,NULL
MSI MAG Pano 100R PZ,ATX,139.99
MSI MAG Pano 100R PZ,ATX,139.99
MSI MAG PANO 110R PZ computer Case,ATX,139.99
MSI MAG PANO 110R PZ WHITE computer Case,ATX,NULL
MSI MAG PANO M100R PZ,ITX,129.99
MSI MAG PANO M100R PZ,ITX,129.99
MSI MAG SHIELD 110R computer Case,ATX,NULL
MSI MAG SHIELD M301 computer Case,Micro-ATX,NULL
MSI MEG PROSPECT 700R computer Case,ATX,379.99
MSI MPG 100R WHITE,ATX,99.0
MSI MPG Gungnir 300P AIRFLOW,ATX,606.24
MSI MPG Gungnir 300R AIRFLOW,ATX,139.99
MSI MPG Gungnir 300R AIRFLOW WHITE,ATX,139.99
MSI MPG VELOX 300R AIRFLOW PZ,ATX,99.0
MSI MPG VELOX 300R AIRFLOW PZ,ATX,99.0
MSI PRO SHIELD M100P computer Case,Micro-ATX,NULL
nJoy Fort,ATX,NULL
NZXT H200 Mini-ITX - black Window,Mini-ITX,NULL
NZXT H200 Mini-ITX - black/red Window,Mini-ITX,NULL
"NZXT H200 Mini-ITX, TG - black/blue Window",Mini-ITX,NULL
"NZXT H200 Mini-ITX, TG - white/black Window",Mini-ITX,NULL
NZXT H200i Mini-ITX - black/red,Mini-ITX,NULL
NZXT H200i Mini-ITX - white/black Window,Mini-ITX,NULL
"NZXT H200i Mini-ITX, RGB, TG - black Window",Mini-ITX,NULL
"NZXT H200i Mini-ITX, RGB, TG - black/blue Window",Mini-ITX,NULL
"NZXT H210 Mini-ITX, TG - black Window",Mini-ITX,NULL
"NZXT H210 Mini-ITX, TG - black/red Window",Mini-ITX,NULL
"NZXT H210 Mini-ITX, TG - white Window",Mini-ITX,NULL
"NZXT H210i Mini-ITX, RGB, TG - black Window",Mini-ITX,NULL
"NZXT H210i Mini-ITX, RGB, TG - black/red Window",Mini-ITX,NULL
"NZXT H210i Mini-ITX, RGB, TG - white Window",Mini-ITX,NULL
NZXT H400 Micro-ATX - black Window,Micro-ATX,NULL
NZXT H400 Micro-ATX - black/blue Window,Micro-ATX,NULL
NZXT H400 Micro-ATX - black/red Window,Micro-ATX,NULL
NZXT H400 Micro-ATX - white/black Window,Micro-ATX,NULL
NZXT H400i Micro-ATX - black Window,Micro-ATX,NULL
NZXT H400i Micro-ATX - black/blue Window,Micro-ATX,NULL
NZXT H400i Micro-ATX - black/red Window,Micro-ATX,NULL
NZXT H400i Micro-ATX - white/black Window,Micro-ATX,NULL
NZXT H440 Envyus Midi-Tower - black,ATX,NULL
NZXT H440 Midi-Tower Special Edition - black/grün,ATX,NULL
NZXT H440 V2 Midi-Tower - black,ATX,NULL
NZXT H440 V2 Midi-Tower - black Window,ATX,NULL
NZXT H440 V2 Midi-Tower - black/orange Window,ATX,NULL
NZXT H440 V2 Midi-Tower - black/red Window,ATX,NULL
NZXT H440 V2 Midi-Tower - white/lila Window,ATX,NULL
NZXT H440 V2 Midi-Tower - white/black Window,ATX,NULL
NZXT H500 Midi-Tower - black Window,ATX,NULL
NZXT H500 Midi-Tower - black/blue Window,ATX,NULL
NZXT H500 Midi-Tower - black/red Window,ATX,NULL
NZXT H500 Midi-Tower - white Window,ATX,NULL
"NZXT H500 Overwatch Special Edition Midi-Tower, TG - black/orange Window",ATX,NULL
NZXT H500i Midi-Tower - black Window,ATX,NULL
NZXT H500i Midi-Tower - black/red Window,ATX,NULL
NZXT H500i Midi-Tower - white Window,ATX,NULL
"NZXT H500i Midi-Tower, RGB, TG - black/blue Window",ATX,NULL
"NZXT H510 Elite Midi-Tower, RGB, TG - black Window",ATX,NULL
"NZXT H510 Elite Midi-Tower, RGB, TG - white Window",ATX,NULL
"NZXT H510i Midi-Tower, RGB, TG - black Window",ATX,NULL
"NZXT H510i Midi-Tower, RGB, TG - black/red Window",ATX,NULL
"NZXT H510i Midi-Tower, RGB, TG - white Window",ATX,NULL
NZXT H7 Elite Midi-Tower - black,E-ATX,NULL
NZXT H7 Flow Midi-Tower - black,E-ATX,NULL
NZXT H7 Flow Midi-Tower - black/white,E-ATX,NULL
NZXT H7 Flow Midi-Tower - white,E-ATX,NULL
NZXT H7 Midi-Tower - black,E-ATX,NULL
NZXT H7 Midi-Tower - black/white,E-ATX,NULL
NZXT H7 Midi-Tower - white,E-ATX,NULL
NZXT H700 Midi-Tower - black/blue Window,ATX,NULL
NZXT H700 Midi-Tower - black/red Window,ATX,NULL
"NZXT H700 Midi-Tower, TG - black Window",ATX,NULL
"NZXT H700 Midi-Tower, TG - black/white Window",ATX,NULL
NZXT H700 Nuka Cola LE Midi-Tower - Tempered Glass,ATX,NULL
NZXT H700 PUBG Midi-Tower - Window,ATX,NULL
"NZXT H700i Midi-Tower, RGB, TG - black Window",ATX,NULL
"NZXT H700i Midi-Tower, RGB, TG - black/blue Window",ATX,NULL
"NZXT H700i Midi-Tower, RGB, TG - black/white Window",ATX,NULL
NZXT H700i Ninja SE Midi-Tower - Tempered Glass,ATX,NULL
"NZXT H710 Midi-Tower, TG - black Window",E-ATX,NULL
"NZXT H710 Midi-Tower, TG - black/red Window",E-ATX,NULL
"NZXT H710 Midi-Tower, TG - white Window",E-ATX,NULL
"NZXT H710i Midi-Tower, RGB, TG - black Window",E-ATX,NULL
"NZXT H710i Midi-Tower, RGB, TG - white Window",E-ATX,NULL
"NZXT H710i Midi-Tower, TG - black/red Window",E-ATX,NULL
NZXT Manta Mini-ITX - black/red Window,Mini-ITX,NULL
NZXT Manta Mini-ITX - black/black,Mini-ITX,NULL
NZXT Manta Mini-ITX - black/black Window,Mini-ITX,NULL
NZXT Manta Mini-ITX - black/white Window,Mini-ITX,NULL
NZXT Noctis 450 Midi-Tower - black/red,ATX,NULL
NZXT Noctis 450 Midi-Tower - white/blue,ATX,NULL
NZXT Noctis 450 ROG Midi-Tower - black Window,ATX,NULL
NZXT Phantom 240 Midi-Tower - black,ATX,NULL
NZXT Phantom 240 Midi-Tower - white,ATX,NULL
NZXT SOURCE 340 Midi-Tower - black/blue Window,ATX,NULL
NZXT SOURCE 340 Midi-Tower - black/red Window,ATX,NULL
NZXT SOURCE 340 Midi-Tower - white/violett Window,ATX,NULL
Obsidian Series 250D Mini ITX,Mini-ITX,NULL
Obsidian Series 350D Windowed Micro ATX,Micro-ATX,NULL
Obsidian Series 900D Super Tower,E-ATX,NULL
"PHANTEKS Eclipse G500A D-RGB Fanless Midi-Tower, Tempered Glass - black",E-ATX,NULL
"PHANTEKS Eclipse P300 Air Midi-Tower, Tempered Glass - Satin black",ATX,NULL
"PHANTEKS Eclipse P300 Midi-Tower, Tempered Glass - black",E-ATX,NULL
"PHANTEKS Eclipse P300 Midi-Tower, Tempered Glass - black/red",E-ATX,NULL
"PHANTEKS Eclipse P300 Midi-Tower, Tempered Glass - black/white",E-ATX,NULL
"PHANTEKS Eclipse P300 Midi-Tower, Tempered Glass - white",E-ATX,NULL
"PHANTEKS Eclipse P350X Midi-Tower, Tempered Glass - DRGB, black",E-ATX,NULL
"PHANTEKS Eclipse P350X Midi-Tower, Tempered Glass - DRGB, black/white",E-ATX,NULL
"PHANTEKS Eclipse P360X Midi-Tower, Tempered Glass, DRGB - black",E-ATX,NULL
"PHANTEKS Eclipse P400 Midi-Tower, Tempered Glass - anthrazit",E-ATX,NULL
"PHANTEKS Eclipse P400 Midi-Tower, Tempered Glass - black",E-ATX,NULL
"PHANTEKS Eclipse P400 Midi-Tower, Tempered Glass - black/red",E-ATX,NULL
"PHANTEKS Eclipse P400 Midi-Tower, Tempered Glass - black/white",E-ATX,NULL
"PHANTEKS Eclipse P400 Midi-Tower, Tempered Glass - white",E-ATX,NULL
"PHANTEKS Eclipse P400S Midi-Tower, Tempered Glass, anthrazit - isolated",E-ATX,NULL
"PHANTEKS Eclipse P400S Midi-Tower, Tempered Glass, black - isolated",E-ATX,NULL
"PHANTEKS Eclipse P400S Midi-Tower, Tempered Glass, black/red - isolated",E-ATX,NULL
"PHANTEKS Eclipse P400S Midi-Tower, Tempered Glass, black/white - isolated",E-ATX,NULL
"PHANTEKS Eclipse P400S Midi-Tower, Tempered Glass, white - isolated",E-ATX,NULL
"PHANTEKS Eclipse P400S Midi-Tower, white - isolated",E-ATX,NULL
"PHANTEKS Eclipse P500A D-RGB Midi-Tower, Tempered Glass - matt white",E-ATX,NULL
"PHANTEKS Eclipse P500A D-RGB Midi-Tower, Tempered Glass - black",E-ATX,NULL
"PHANTEKS Eclipse P500A D-RGB Midi-Tower, Tempered Glass - white",E-ATX,NULL
"PHANTEKS Eclipse P500A Midi-Tower, Tempered Glass - black",E-ATX,NULL
"PHANTEKS Eclipse P600S Silent Midi-Tower, geschlossen - black",E-ATX,NULL
"PHANTEKS Eclipse P600S Silent Midi-Tower, Tempered Glass - anthrazit",E-ATX,NULL
"PHANTEKS Eclipse P600S Silent Midi-Tower, Tempered Glass - matt white",E-ATX,NULL
"PHANTEKS Eclipse P600S Silent Midi-Tower, Tempered Glass - black",E-ATX,NULL
"PHANTEKS Eclipse P600S Silent Midi-Tower, Tempered Glass - white",E-ATX,NULL
"PHANTEKS Enthoo 719 Big-Tower, Tempered Glass, DRGB - anthrazit",E-ATX,NULL
"PHANTEKS Enthoo 719 Big-Tower, Tempered Glass, DRGB - black",E-ATX,NULL
"PHANTEKS Enthoo Evolv ATX Flow Edition Midi-Tower, Tempered Glass - anthrazit",E-ATX,NULL
"PHANTEKS Enthoo Evolv ATX Flow Edition Midi-Tower, Tempered Glass - black",E-ATX,NULL
"PHANTEKS Enthoo Evolv ATX Midi-Tower - anthrazit, Window",E-ATX,NULL
PHANTEKS Enthoo Evolv ATX Midi-Tower - black,E-ATX,NULL
"PHANTEKS Enthoo Evolv ATX Midi-Tower - silver, Window",E-ATX,NULL
"PHANTEKS Enthoo Evolv ATX Midi-Tower, Tempered Glass - anthrazit",E-ATX,NULL
PHANTEKS Enthoo Evolv ITX Mini-ITX - black,Mini-ITX,NULL
PHANTEKS Enthoo Evolv ITX Mini-ITX - black Window,Mini-ITX,NULL
PHANTEKS Enthoo Evolv ITX Mini-ITX - black/red Window,Mini-ITX,NULL
PHANTEKS Enthoo Evolv ITX Mini-ITX - white/black Window,Mini-ITX,NULL
"PHANTEKS Enthoo Evolv ITX Mini-ITX, TG, RGB LED - black",Mini-ITX,NULL
"PHANTEKS Enthoo Evolv ITX Mini-ITX, TG, RGB LED - black/red",Mini-ITX,NULL
"PHANTEKS Enthoo Evolv ITX Mini-ITX, TG, RGB LED - white",Mini-ITX,NULL
"PHANTEKS Enthoo Evolv Micro-ATX, Tempered Glass - anthrazit",Micro-ATX,NULL
"PHANTEKS Enthoo Evolv Micro-ATX, Tempered Glass - black",Micro-ATX,153.98
"PHANTEKS Enthoo Evolv Micro-ATX, Tempered Glass - silver",Micro-ATX,153.98
"PHANTEKS Enthoo Evolv Shift Air Mini-ITX - anthrazit, Mesh",Mini-ITX,NULL
"PHANTEKS Enthoo Evolv Shift Air Mini-ITX - black, Mesh",Mini-ITX,NULL
"PHANTEKS Enthoo Evolv Shift Mini-ITX, Glas - anthrazit",Mini-ITX,NULL
"PHANTEKS Enthoo Evolv Shift Mini-ITX, Glas - black",Mini-ITX,NULL
"PHANTEKS Enthoo Evolv Shift X Mini-ITX, Glas - anthrazit",Mini-ITX,NULL
"PHANTEKS Enthoo Evolv Shift X Mini-ITX, Glas - black",Mini-ITX,NULL
"PHANTEKS Enthoo Evolv X Midi-Tower, RGB, Tempered Glass - anthrazit",E-ATX,NULL
"PHANTEKS Enthoo Evolv X Midi-Tower, RGB, Tempered Glass - matt white",E-ATX,NULL
"PHANTEKS Enthoo Evolv X Midi-Tower, RGB, Tempered Glass - black",E-ATX,NULL
"PHANTEKS Enthoo Evolv X Midi-Tower, RGB, Tempered Glass - silver",E-ATX,NULL
PHANTEKS Enthoo Luxe Big-Tower - white,E-ATX,NULL
"PHANTEKS Enthoo Luxe Big-Tower, Tempered Glass - anthrazit",E-ATX,NULL
"PHANTEKS Enthoo Luxe Big-Tower, Tempered Glass - black",E-ATX,153.98
PHANTEKS Enthoo Mini XL DS Micro-ATX + Mini-ITX - black,Micro-ATX,NULL
"PHANTEKS Enthoo Primo Big-Tower, whitee LED - white",E-ATX,NULL
"PHANTEKS Enthoo Primo SE Big-Tower, grüne LED - black/grün",E-ATX,NULL
"PHANTEKS Enthoo Primo SE Big-Tower, orange LED - black/orange",E-ATX,NULL
"PHANTEKS Enthoo Primo SE Big-Tower, rede LED - black/red",E-ATX,NULL
"PHANTEKS Enthoo Primo SE Big-Tower, whitee LED - black/white",E-ATX,NULL
PHANTEKS Enthoo Pro M Midi-Tower - black Acrylic Window,E-ATX,NULL
PHANTEKS Enthoo Pro M Midi-Tower - black Window,E-ATX,NULL
"PHANTEKS Enthoo Pro M Midi-Tower, Tempered Glass - black",E-ATX,153.98
"PHANTEKS Enthoo Pro M Special Edition, Tempered Glass - black/white",E-ATX,NULL
PHANTEKS Enthoo Pro Midi-Tower - black,E-ATX,NULL
PHANTEKS Enthoo Pro Midi-Tower - black Window,E-ATX,NULL
PHANTEKS Enthoo Pro Midi-Tower - titanium grün Window,E-ATX,NULL
PHANTEKS Enthoo Pro Midi-Tower - white Window,E-ATX,NULL
"PHANTEKS Enthoo Pro Midi-Tower, Tempered Glass - black",E-ATX,153.98
"PHANTEKS Enthoo Pro Midi-Tower, Tempered Glass SE - black/white",E-ATX,153.98
"PHANTEKS XT Pro Ultra Tempered Glass Windows, D-RGB - black",E-ATX,NULL
"PHANTEKS XT Pro Ultra Tempered Glass Windows, D-RGB - white",E-ATX,NULL
"PHANTEKS XT View Tempered Glass Windows, D-RGB - black",E-ATX,NULL
"PHANTEKS XT View Tempered Glass Windows, D-RGB - white",E-ATX,NULL
Raijintek Aeneas Micro-ATX Cube - black,Micro-ATX,NULL
Raijintek Aeneas Micro-ATX Cube - black Window,Micro-ATX,NULL
Raijintek Aeneas Micro-ATX Cube - white,Micro-ATX,NULL
RAIJINTEK Agos Midi-Tower - black,ATX,NULL
Raijintek Agos Midi-Tower - white,ATX,NULL
Raijintek Arcadia II Midi-Tower - black Window,ATX,NULL
Raijintek Arcadia Midi-Tower - black,ATX,NULL
Raijintek Arcadia Midi-Tower - white,ATX,NULL
"Raijintek Asterion Classic Midi-Tower, Tempered Glass - black",E-ATX,NULL
"Raijintek Asterion Classic Midi-Tower, Tempered Glass - silver",E-ATX,NULL
Raijintek Asterion Plus Midi-Tower - silver Window,E-ATX,NULL
"Raijintek Coeus Elite TC Micro-ATX, Tempered Glass - black",Micro-ATX,NULL
"Raijintek Coeus Evo TC Midi-Tower, Tempered Glass - black",E-ATX,NULL
Raijintek Enyo Tempered Glass Showcase,E-ATX,153.98
Raijintek METIS EVO AL Mini-ITX - black,Mini-ITX,NULL
Raijintek METIS EVO AL Mini-ITX - silver,Mini-ITX,NULL
Raijintek METIS EVO AL Mini-ITX - white,Mini-ITX,NULL
"Raijintek METIS EVO TG Mini-ITX, Tempered Glass - blue",Mini-ITX,NULL
"Raijintek METIS EVO TG Mini-ITX, Tempered Glass - red",Mini-ITX,NULL
"Raijintek METIS EVO TG Mini-ITX, Tempered Glass - black",Mini-ITX,NULL
"Raijintek METIS EVO TG Mini-ITX, Tempered Glass - silver",Mini-ITX,NULL
"Raijintek METIS EVO TG Mini-ITX, Tempered Glass - white",Mini-ITX,NULL
Raijintek METIS Mini-ITX - blue,Mini-ITX,NULL
RAIJINTEK METIS Mini-ITX - blue Window,Mini-ITX,NULL
Raijintek METIS Mini-ITX - gold,Mini-ITX,NULL
Raijintek METIS Mini-ITX - gold Window,Mini-ITX,NULL
Raijintek METIS Mini-ITX - grün,Mini-ITX,NULL
Raijintek METIS Mini-ITX - grün Window,Mini-ITX,NULL
Raijintek METIS Mini-ITX - red,Mini-ITX,NULL
Raijintek METIS Mini-ITX - red Window,Mini-ITX,NULL
Raijintek METIS Mini-ITX - black,Mini-ITX,NULL
Raijintek METIS Mini-ITX - black Window,Mini-ITX,NULL
Raijintek METIS Mini-ITX - silver,Mini-ITX,NULL
Raijintek METIS Mini-ITX - silver Window,Mini-ITX,NULL
Raijintek METIS Mini-ITX - white,Mini-ITX,NULL
Raijintek METIS Mini-ITX - white Window,Mini-ITX,NULL
Raijintek METIS PLUS ALS Mini-ITX - black,Mini-ITX,NULL
Raijintek METIS PLUS ALS Mini-ITX - silver,Mini-ITX,NULL
Raijintek METIS PLUS Mini-ITX - blue Window,Mini-ITX,NULL
Raijintek METIS PLUS Mini-ITX - grün Window,Mini-ITX,NULL
Raijintek METIS PLUS Mini-ITX - red Window,Mini-ITX,NULL
Raijintek METIS PLUS Mini-ITX - black Window,Mini-ITX,NULL
Raijintek METIS PLUS Mini-ITX - silver Window,Mini-ITX,NULL
Raijintek METIS PLUS Mini-ITX - white Window,Mini-ITX,NULL
"Raijintek NYX PRO Showcase Big-Tower, Tempered Glass - yellow",E-ATX,NULL
"Raijintek NYX PRO Showcase Big-Tower, Tempered Glass - red",E-ATX,NULL
"Raijintek NYX PRO Showcase Big-Tower, Tempered Glass - white",E-ATX,NULL
"Raijintek Ophion EVO Mini-ITX, Tempered Glass - black",Mini-ITX,NULL
"Raijintek Ophion EVO Mini-ITX, Tempered Glass - white",Mini-ITX,NULL
Raijintek Ophion M Evo ALS Micro-ATX - black,Mini-ITX,69.9
"Raijintek Ophion M Evo TGS Micro-ATX, Tempered Glass - black",Mini-ITX,NULL
"Raijintek Ophion Mini-ITX, Tempered Glass - black",Mini-ITX,NULL
"Raijintek Ophion Mini-ITX, Tempered Glass - white",Mini-ITX,NULL
Raijintek PAEAN Benchtable / Showcase - black Window,ATX,NULL
Raijintek PAEAN Premium Midi Tower Showcase - black,ATX,NULL
Raijintek PAEAN Premium Midi Tower Showcase - white,ATX,NULL
Raijintek Pan Slim Mini-ITX - white,Mini-ITX,NULL
"Raijintek Ponos MS Midi-Tower - Tempered Glass, Mesh, black",E-ATX,NULL
Raijintek PONOS MS4 - black,E-ATX,79.98
"Raijintek Ponos TG Midi-Tower, Tempered Glass - black",E-ATX,NULL
Raijintek PONOS TG4 - black,E-ATX,79.98
Raijintek SILENOS Midi-Tower,ATX,NULL
Raijintek SILENOS MS Midi-Tower - black,ATX,NULL
Raijintek SILENOS MS Midi-Tower - white,ATX,NULL
Raijintek SILENOS MS Pro Midi-Tower - black,ATX,NULL
Raijintek SILENOS MS Pro Midi-Tower - white,ATX,NULL
Raijintek Silenos Pro A-RGB Midi-Tower,ATX,NULL
Raijintek STYX Micro-ATX - blue,Micro-ATX,NULL
Raijintek STYX Micro-ATX - grün,Micro-ATX,NULL
Raijintek STYX Micro-ATX - grün Window,Micro-ATX,NULL
Raijintek STYX Micro-ATX - red,Micro-ATX,NULL
Raijintek STYX Micro-ATX - red Window,Micro-ATX,NULL
Raijintek STYX Micro-ATX - black,Micro-ATX,NULL
Raijintek STYX Micro-ATX - black Window,Micro-ATX,NULL
Raijintek STYX Micro-ATX - silver,Micro-ATX,NULL
Raijintek STYX Micro-ATX - white Window,Micro-ATX,NULL
Raijintek THETIS Midi-Tower - black,ATX,NULL
Raijintek THETIS Midi-Tower - black Window,ATX,NULL
Raijintek THETIS Midi-Tower - silver,ATX,NULL
Raijintek THETIS Midi-Tower - silver Window,ATX,NULL
Raijintek Zofos Evo Silent Big-Tower - black,E-ATX,NULL
"Raijintek Zofos Evo Window Big-Tower - black, Tempered Glass",E-ATX,NULL
Seasonic SYNCRO Q704 Midi Tower + SYNCRO DGC-650 Gold Netzteil - black,E-ATX,NULL
Seasonic SYNCRO Q704 Midi Tower + SYNCRO DGC-750 Gold Netzteil - black,E-ATX,NULL
Seasonic SYNCRO Q704 Midi Tower + SYNCRO DPC-850 Platinum Netzteil - black,E-ATX,NULL
"Silverstone Alta F1 Midi-Tower, Tempered Glass - black",ATX,NULL
"Silverstone Alta F1 Midi-Tower, Tempered Glass - silver",ATX,NULL
"Silverstone Fara B1 Midi-Tower, ARGB, Tempered Glass - black",ATX,NULL
"Silverstone Fara B1 Midi-Tower, Tempered Glass - black",ATX,NULL
"Silverstone Fara B1 Pro Midi-Tower, ARGB, Tempered Glass - black",ATX,NULL
"Silverstone Fara R1 Pro Midi-Tower, ARGB, Tempered Glass - black",ATX,NULL
"SilverStone Fara R1 V2 Midi-Tower, Tempered Glas - black",ATX,NULL
"SilverStone Fara R1 V2 Midi-Tower, Tempered Glass - white",ATX,NULL
Silverstone Kublai KL06 Micro-ATX - black,Micro-ATX,NULL
Silverstone Raven Z RVZ03W-ARGB HTPC - white,Mini-ITX,NULL
"Silverstone Redline RL08 RGB Mini-Tower, TG - black/red Window",Micro-ATX,NULL
"Silverstone Redline RL08 RGB Mini-Tower, TG - black/white Window",Micro-ATX,NULL
"Silverstone Seta A1 Midi-Tower, Tempered Glass - black",ATX,NULL
"Silverstone Seta A1 Midi-Tower, Tempered Glass - black/silver",ATX,NULL
"Silverstone Seta A1 Midi-Tower, Tempered Glass - white/rosegold",ATX,NULL
Silverstone SST-CS380 V2 Midi-Tower - black,ATX,NULL
"Silverstone SST-FAR1W-PRO Fara R1 PRO ATX, ARGB - white",ATX,NULL
Silverstone SST-FT03B Fortress - black,Micro-ATX,NULL
Silverstone SST-FT03B-Mini Fortress - black,Mini-ITX,NULL
Silverstone SST-FT03S Fortress - silver,Micro-ATX,NULL
Silverstone SST-FT03S-Mini Fortress - silver,Mini-ITX,NULL
Silverstone SST-FT04B-W Fortress Midi-Tower - black Window,E-ATX,NULL
Silverstone SST-FT05B Fortress Midi-Tower - black,ATX,NULL
Silverstone SST-FT05B-W Fortress Midi-Tower - black Window,ATX,NULL
Silverstone SST-FT05S Fortress Midi-Tower - silver,ATX,NULL
Silverstone SST-FT05S-W Fortress Midi-Tower - silver Window,ATX,NULL
Silverstone SST-FTZ01B Fortress Mini-ITX - black,Mini-ITX,NULL
Silverstone SST-FTZ01B-E - Fortress Mini-ITX - black,Mini-ITX,NULL
Silverstone SST-FTZ01S Fortress Mini-ITX - silver,Mini-ITX,NULL
Silverstone SST-FTZ01S-E - Fortress High End Mini-ITX - silver,Mini-ITX,NULL
Silverstone SST-GD09-C USB 3.0 Grandia Desktop - black,ATX,NULL
Silverstone SST-GD10B Grandia Desktop - black,ATX,NULL
"Silverstone SST-KL05B-Q Kublai Midi-Tower - black, schallgedämmt",ATX,NULL
Silverstone SST-KL05B-W Kublai Window Midi-Tower - black,ATX,NULL
Silverstone SST-KL07B Kublai Midi-Tower - black,ATX,NULL
Silverstone SST-KL07B-E,ATX,148.08
"Silverstone SST-LD01B Lucid Micro ATX Tower, TG - white/black",Micro-ATX,NULL
Silverstone SST-LD03B Lucid Mini-ITX - black,Mini-ITX,NULL
Silverstone SST-MM01B Mammoth Midi-Tower - black,E-ATX,NULL
"Silverstone SST-PM01B-FX, Primera Midi-Tower - black",ATX,NULL
"Silverstone SST-PM01B-RGB Primera Midi-Tower, Tempered Glass - black",ATX,NULL
Silverstone SST-PM01BR-W Primera Midi-Tower - black Window,ATX,NULL
"Silverstone SST-PM01C-RGB Primera Midi-Tower, Tempered Glass - matt black",ATX,NULL
Silverstone SST-PM01CR-W Primera Midi-Tower - mattschwarz Window,ATX,NULL
Silverstone SST-PM01TR-W Primera Midi-Tower - anthrazit Window,ATX,NULL
"Silverstone SST-PM01W-FX, Primera Midi-Tower - white",ATX,NULL
"Silverstone SST-PM01W-RGB Primera Midi-Tower, Tempered Glass - white",ATX,NULL
Silverstone SST-PM01WA-W Primera Midi-Tower - white Window,ATX,NULL
"Silverstone SST-PM02B-G Primera Midi-Tower, Tempered Glass - black",ATX,NULL
"Silverstone SST-PM02W-G Primera Midi-Tower, Tempered Glass - white",ATX,NULL
Silverstone SST-PS08B Precision Midi-Tower - black,Micro-ATX,NULL
Silverstone SST-PS09B Precision Midi-Tower - black,Micro-ATX,NULL
Silverstone SST-PS11B-Q Precision Midi-Tower - black,ATX,NULL
Silverstone SST-PS11B-W Precision Midi-Tower - black Window,ATX,NULL
Silverstone SST-PS12B - Precision Mini-Tower - black,Micro-ATX,NULL
Silverstone SST-PS13B Precision Midi-Tower - black,ATX,NULL
Silverstone SST-PS14B Midi-Tower - black,ATX,NULL
"Silverstone SST-PS15B-G - Precision Mini-Tower, TG - black",Micro-ATX,NULL
"Silverstone SST-PS15B-RGB - Precision Mini-Tower, TG RGB - black",Micro-ATX,NULL
Silverstone SST-RL05BR-W 3.0 Redline Midi-Tower - black/red,ATX,NULL
"Silverstone SST-RL06BR-GP Redline Midi-Tower, TG - black/red",ATX,NULL
Silverstone SST-RL06BR-PRO Redline Midi-Tower - black/red Window,ATX,NULL
"Silverstone SST-RL06WS-GP Redline Midi-Tower, TG - white/silver",ATX,NULL
"Silverstone SST-RL07B-G Redline Midi-Tower, Tempered Glass - black",ATX,NULL
"Silverstone SST-RL07W-G Redline Midi-Tower, Tempered Glass - white",ATX,NULL
Silverstone SST-RV03B-W Raven 3 Big-Tower - black/gold,E-ATX,NULL
Silverstone SST-RV03B-WA Raven 3 Big-Tower - black/grey,E-ATX,NULL
Silverstone SST-RV04B-W USB 3.0 Raven Big-Tower - black,E-ATX,NULL
Silverstone SST-RV05B-W Raven Midi-Tower - black Window,ATX,NULL
Silverstone SST-RVX01BA-W Raven Midi-Tower - black/blue Window,ATX,NULL
Silverstone SST-RVX01BR Raven Midi-Tower - black/red,ATX,NULL
Silverstone SST-RVX01BR-W Raven Midi-Tower - black/red Window,ATX,NULL
Silverstone SST-RVX01BV-W Raven Midi-Tower - black/grün Window,ATX,NULL
Silverstone SST-RVZ01B-E Raven Z Mini-ITX - black,Mini-ITX,NULL
Silverstone SST-RVZ02B Raven HTPC - black,Mini-ITX,NULL
Silverstone SST-RVZ02B-W Raven HTPC - black,Mini-ITX,NULL
Silverstone SST-RVZ03B Raven HTPC - black,Mini-ITX,NULL
Silverstone SST-RVZ03B-ARGB Raven HTPC - black,Mini-ITX,NULL
"SilverStone SST-SEH1B-G - SETA H1 Midi-Tower, Tempered Glass - black",E-ATX,NULL
Silverstone SST-SEQ1B SETA Q1 Midi-Tower - black,E-ATX,NULL
Silverstone SST-SG06S USB 3.0 Sugo inkl. 300W Netzteil - silver,Mini-ITX,NULL
Silverstone SST-SG07B-W Sugo Window inkl. 600W Netzteil - black,Mini-ITX,NULL
Silverstone SST-SG13B Sugo USB3.0 - black,Mini-ITX,NULL
Silverstone SST-SG13B-Q Sugo USB3.0 - black,Mini-ITX,NULL
Silverstone SST-SG13WB Sugo USB3.0 - white,Mini-ITX,NULL
Silverstone SST-SG13WB-Q Sugo USB3.0 - white,Mini-ITX,NULL
Silverstone SST-TJ08B-E TemJin Midi-Tower - black,Micro-ATX,NULL
Singularity Computers Spectre 2.0 Showcase - black,E-ATX,NULL
Singularity Computers Spectre 2.0 Showcase - white,E-ATX,NULL
Singularity Computers Wraith Mini-ITX - black,Mini-ITX,NULL
Streacom DA2 Mini-ITX - black,Mini-ITX,NULL
Streacom DA2 Mini-ITX - silver,Mini-ITX,NULL
Tacens Anima AC5 computer Case,Micro-ATX,NULL
Tacens Anima AC5500 computer Case,Micro-ATX,NULL
Tacens Anima AC6 computer Case,Micro-ATX,NULL
Tacens Anima AC6500 computer Case,Micro-ATX,NULL
Tacens Anima ACX500 computer Case,Micro-ATX,NULL
"Thermaltake A500 TG Aluminum Midi-Tower, Tempered Glass - space grey",ATX,NULL
"Thermaltake AH T600 Snow Edition Showcase, Tempered Glass - white",E-ATX,77.99
"Thermaltake AH T600 TG Showcase, Tempered Glass - black",E-ATX,NULL
Thermaltake Commander C31 TG ARGB Tempered Glass Midi-Tower - black,ATX,NULL
Thermaltake Commander C33 TG ARGB Tempered Glass Midi-Tower - black,ATX,NULL
Thermaltake Commander MS-I Snow Edition Midi-Tower - white/black,ATX,NULL
Thermaltake Commander MS-I USB 3.0 Midi-Tower - black,ATX,NULL
"Thermaltake Core P1, Tempered Glass - black",Mini-ITX,NULL
Thermaltake Core P3 - black Window,ATX,207.24
Thermaltake Core P3 - white Window,ATX,207.24
"Thermaltake Core P3 TG Curved Edition, Tempered Glass - black",ATX,77.99
Thermaltake Core P3 TG Showcase - black,ATX,159.99
"Thermaltake Core P3 TG Snow Edition, Tempered Glass - white",ATX,77.99
Thermaltake Core P5 - Green Edition Window,ATX,159.99
Thermaltake Core P5 - black Window,ATX,207.24
"Thermaltake Core P5 Ti, Tempered Glass - Space Grey",ATX,NULL
"Thermaltake Core P5, Tempered Glass - black",ATX,NULL
"Thermaltake Core P5, Tempered Glass - Snow Edition",ATX,77.99
Thermaltake Core P90 TG Tempered Glass Showcase - black,ATX,77.99
Thermaltake Core V1 Mini-ITX - black Window,Mini-ITX,NULL
Thermaltake Core V1 Snow Edition Mini-ITX - white Window,Mini-ITX,NULL
Thermaltake Core V21 Micro-ATX - black,Micro-ATX,NULL
Thermaltake Core V31 Window Midi-Tower - black,ATX,NULL
Thermaltake Core V51 Midi-Tower - black,E-ATX,NULL
Thermaltake Core V71 Big-Tower - black,E-ATX,NULL
Thermaltake Core V71 TG Big-Tower - black,E-ATX,NULL
Thermaltake Core X31 TG Tempered Glass Midi-Tower - black,ATX,NULL
"Thermaltake Core X5 ATX-Cube, Tempered Glass - black",E-ATX,NULL
"Thermaltake Core X5 ATX-Cube, Tempered Glass - white",E-ATX,NULL
Thermaltake Core X71 TG Tempered Glass Big-Tower - black,ATX,NULL
"Thermaltake DistroCase 350P, Tempered Glass - black",ATX,NULL
Thermaltake Level 10 GT Snow Edition Big-Tower - white/black,E-ATX,NULL
"Thermaltake Level 20 GT ARGB Big-Tower, Tempered Glass - black",E-ATX,NULL
"Thermaltake Level 20 GT ARGB Black Edition Big-Tower, Tempered Glass - black",E-ATX,NULL
"Thermaltake Level 20 GT Big-Tower, Tempered Glass - black",E-ATX,NULL
"Thermaltake Level 20 GT RGB Plus Big-Tower, Tempered Glass - black",E-ATX,NULL
"Thermaltake Level 20 HT Big-Tower, Tempered Glass - black",E-ATX,NULL
"Thermaltake Level 20 HT Snow Edition Big-Tower, Tempered Glass - white",E-ATX,77.99
"Thermaltake Level 20 MT ARGB Midi-Tower, Tempered Glass - black",ATX,NULL
"Thermaltake Level 20 RS ARGB, Midi-Tower - black",ATX,89.98
Thermaltake Level 20 Showcase - black,E-ATX,89.98
Thermaltake Level 20 VT Micro-ATX - black,Micro-ATX,89.98
Thermaltake Level 20 XT E-ATX Cube - black,E-ATX,NULL
Thermaltake Overseer RX-I Big-Tower Window - black,E-ATX,NULL
"Thermaltake S500 TG Snow Edition Midi-Tower, Tempered Glass - white",ATX,77.99
Thermaltake Suppressor F1 Mini-ITX - black Window,Mini-ITX,NULL
Thermaltake Suppressor F31 Midi-Tower - black,ATX,NULL
Thermaltake Suppressor F31 Midi-Tower - black Window,ATX,NULL
Thermaltake V200 TG RGB Edition Midi-Tower - black,ATX,NULL
"Thermaltake V250 TG ARGB Midi-Tower, Tempered Glass - black",ATX,NULL
Thermaltake Versa C21 RGB Midi-Tower - black Window,ATX,NULL
Thermaltake Versa C22 RGB Midi-Tower - black Window,ATX,NULL
"Thermaltake Versa C23 TG RGB Midi-Tower, Tempered Glass - black",ATX,NULL
"Thermaltake Versa G2 Midi Tower, Seitenfenster - black",ATX,NULL
Thermaltake Versa H15 Micro-ATX Tower - black,Micro-ATX,NULL
Thermaltake Versa H21 Midi-Tower - black,ATX,59.98
Thermaltake Versa H22 Midi-Tower - black,ATX,64.98
Thermaltake Versa H23 Midi-Tower - black,ATX,NULL
Thermaltake Versa H34 Midi-Tower - black Window,ATX,NULL
Thermaltake Versa J21 TG Midi-Tower - black,ATX,NULL
Thermaltake Versa N23 Midi-Tower - black Window,ATX,NULL
Thermaltake Versa N27 Midi-Tower - black Window,ATX,NULL
Thermaltake Versa N27 Snow Midi-Tower - white Window,ATX,NULL
Thermaltake View 21 Tempered Glass Edition Midi-Tower - black,ATX,NULL
Thermaltake View 22 TG Tempered Glass Midi-Tower - black,ATX,NULL
"Thermaltake View 23 TG ARGB Sync Midi-Tower - black, Window",ATX,NULL
Thermaltake View 27 Midi-Tower - black Window,ATX,NULL
Thermaltake View 28 RGB Midi-Tower - black Window,ATX,NULL
Thermaltake View 28 RGB Riing Edition Midi-Tower - black Window,ATX,NULL
"Thermaltake View 31 Midi-Tower, Tempered Glass - black",ATX,NULL
"Thermaltake View 31 RGB Midi-Tower, Tempered Glass - black",ATX,NULL
Thermaltake View 31 TG ARGB Midi-Tower - black,ATX,219.99
Thermaltake View 32 TG RGB Midi-Tower - black,ATX,82.99
Thermaltake View 37 RGB Plus Midi-Tower - black Window,E-ATX,NULL
"Thermaltake View 51 TG ARGB Midi-Tower, Tempered Glass - black",ATX,NULL
"Thermaltake View 51 TG ARGB Midi-Tower, Tempered Glass - white",ATX,NULL
"Thermaltake View 71 TG Big-Tower, Tempered Glass - black",E-ATX,NULL
"Thermaltake View 71 TG RGB Big-Tower, Tempered Glass - black",E-ATX,NULL
"Thermaltake View 71 TG RGB Plus Big-Tower, Tempered Glass - black",E-ATX,NULL
"Thermaltake View 71 TG Snow Big-Tower, Tempered Glass - white",E-ATX,NULL
Thermaltake View 91 TG RGB Super Tower - black,E-ATX,219.99
TooQ Biohazard,ATX,NULL
TooQ Nightcity,ATX,NULL
TooQ Ragnärok,ATX,NULL
TooQ Seizure,Micro-ATX,NULL
TooQ TQC-3007U3C computer Case,Micro-ATX,NULL
TooQ TQC-3008U3C computer Case,Micro-ATX,NULL
TooQ TQC-4701U3C-B computer Case,Micro-ATX,NULL
TooQ TQC-4702U3C-B computer Case,Micro-ATX,NULL
TooQ TQC-5701U3C-B computer Case,ATX,NULL
UNYKAch AERO C11,Micro-ATX,NULL
UNYKAch ATX Armor 3GEN USB Type C 3.1,ATX,NULL
UNYKAch NUMEN 500 PRO,ITX,NULL
UNYKAch UK 3002,ITX,NULL
UNYKAch UK 4229 EVO,ATX,NULL
UNYKAch UK2011,Micro-ATX,NULL
Vorago GAB-210-BK computer Case,Micro-ATX,NULL
Vorago GAB-210-WH computer Case,Micro-ATX,NULL
Vultech VCO-A1699P Rev. 2.2,ATX,NULL
Vultech VCO-M1699P REV. 2.2 computer Case,Micro-ATX,NULL
XPG BATTLECRUISER II ST,ATX,179.99
XPG BATTLECRUISER II ST,ATX,179.99
XPG CRUISER,ATX,NULL
XPG DEFENDER WS L,E-ATX,NULL
XPG INVADER X,ATX,169.0
XPG INVADER X,ATX,169.0
XPG INVADER X,ATX,169.0
XPG INVADER X,ATX,169.0
XPG Invader X BTF,ATX,169.0
XPG Invader X BTF,ATX,169.0
XPG Invader X Mini,ATX,169.0
XPG Invader X Mini,ATX,169.0
XPG LANDER 500,ATX,NULL
XPG LANDER 500,ATX,NULL
XPG LANDER 501,ATX,NULL
XPG LANDER 501,ATX,NULL
XPG STARKER AIR,ATX,NULL
XPG STARKER AIR BTF,ATX,NULL
XPG STARKER AIR BTF,ATX,NULL
XPG VALOR AIR,ATX,NULL
XPG VALOR AIR,ATX,NULL
XPG VALOR AIR,ATX,NULL
XPG VALOR AIR PLUS,ATX,NULL
XPG VALOR AIR PLUS,ATX,NULL
XPG VALOR MESH,ATX,NULL
XPG VALOR MESH,ATX,NULL
XPG VALOR STORM,ATX,NULL
XPG VALOR STORM WOF,ATX,NULL
Zalman i3 Midi-Tower - black,ATX,NULL
Zalman I3 NEO WHITE computer Case,ATX,NULL
Zalman K1 Midi-Tower - black,ATX,NULL
Zalman K1 Rev. A Midi-Tower - black,ATX,NULL
Zalman K1 Rev. B Midi-Tower - black,ATX,NULL
Zalman M2 Mini Mini-ITX - grey,Mini-ITX,NULL
Zalman M2 Mini Mini-ITX - silver,Mini-ITX,NULL
Zalman M3 Micro-ATX - black,Micro-ATX,NULL
Zalman M3 Plus Micro-ATX - black,Micro-ATX,NULL
Zalman M3 Plus RGB Micro-ATX - black,Micro-ATX,NULL
Zalman M4 Black,Micro-ATX,NULL
Zalman M4 WHITE computer Case,Micro-ATX,NULL
Zalman R1 Midi-Tower - black,ATX,NULL
Zalman R1 Midi-Tower - white,ATX,NULL
Zalman R2 Midi-Tower - black,E-ATX,NULL
Zalman R2 Midi-Tower - white,E-ATX,NULL
Zalman S2 Midi-Tower - black,ATX,NULL
Zalman S2 TG Midi-Tower - black,ATX,NULL
Zalman S3 Midi-Tower - black,ATX,NULL
Zalman S3 TG Midi-Tower - black,ATX,NULL
Zalman S4 Midi-Tower - black,ATX,NULL
Zalman S4 Plus Midi-Tower - black,ATX,NULL
Zalman S5 Midi-Tower - white,ATX,NULL
"Zalman S5 Midi-Tower, Tempered Glass - black",ATX,NULL
Zalman T6 Midi-Tower - black,ATX,NULL
Zalman T7 Midi-Tower - black,ATX,NULL
"Zalman T8 Midi-Tower, RGB - black",ATX,NULL
"Zalman X3 Midi-Tower - Tempered Glass, ARGB, black",ATX,NULL
"Zalman X3 Midi-Tower - Tempered Glass, ARGB, white",ATX,NULL
Zalman Z-Machine 300 Mini-ITX - grey,Mini-ITX,NULL
Zalman Z-Machine 300 Mini-ITX - silver,Mini-ITX,NULL
Zalman Z1 Neo Midi-Tower - black,ATX,NULL
Zalman Z1 Plus Midi-Tower - black,ATX,NULL
Zalman Z10 computer Case,ATX,NULL
Zalman Z10 DUO computer Case,ATX,NULL
Zalman Z10 PLUS computer Case,ATX,NULL
Zalman Z11 Neo Midi-Tower - black,ATX,NULL
Zalman Z3 Iceberg Midi-Tower - black,E-ATX,NULL
Zalman Z3 Midi-Tower - black,ATX,NULL
Zalman Z3 Neo Midi-Tower - black,E-ATX,NULL
Zalman Z7 Neo Midi-Tower - black,ATX,NULL
Zalman Z9 Iceberg Midi-Tower - white,E-ATX,NULL
Zalman Z9 Iceberg MS Black,ATX,NULL
Zalman Z9 Neo Midi-Tower - black,ATX,NULL
Zalman Z9 Neo Midi-Tower - white,ATX,NULL
Zalman Z9 Neo Plus Midi-Tower - black,ATX,NULL
Zalman Z9 Neo Plus Midi-Tower - white,ATX,NULL
