Name,Size,Watt,Price
"Seasonic Core GM 80 Plus Gold, semi-modular",ATX,650W,
Aerocool Project 7,ATX,750W,
Aerocool Project 7,ATX,650W,
be quiet! Dark Power Pro P11 modular,ATX,750W,
be quiet! Dark Power Pro P11 modular,ATX,1200W,
be quiet! Dark Power Pro P11 modular,ATX,1000W,
be quiet! Dark Power Pro P11 modular,ATX,850W,
be quiet! Pure Power 11 80 PLUS Bronze,ATX,300W,
be quiet! Pure Power 11 80 PLUS Gold,ATX,500W,
be quiet! Pure Power 11 80 PLUS Gold,ATX,400W,
be quiet! Pure Power 11 80 PLUS Gold,ATX,600W,
be quiet! Pure Power 11 80 PLUS Gold,ATX,700W,
be quiet! Pure Power 11 CM 80 PLUS Gold,ATX,500W,
be quiet! Pure Power 11 CM 80 PLUS Gold,ATX,400W,
be quiet! Pure Power 11 CM 80 PLUS Gold,ATX,600W,
be quiet! Pure Power 11 CM 80 PLUS Gold,ATX,700W,
be quiet! Straight Power 11,ATX,850W,
be quiet! Straight Power 11,ATX,1000W,
BitFenix Formula 80 PLUS Gold,ATX,450W,
BitFenix Formula 80 PLUS Gold,ATX,550W,
BitFenix Formula 80 PLUS Gold,ATX,650W,
BitFenix Whisper M 80 PLUS Gold,ATX,450W,
BitFenix Whisper M 80 PLUS Gold,ATX,650W,
BitFenix Whisper M 80 PLUS Gold,ATX,550W,
BitFenix Whisper M 80 PLUS Gold,ATX,850W,
Cooler Master MasterWatt,ATX,450W,
Corsair CX450,ATX,450W,
Corsair CX450M,ATX,450W,
Corsair CX550,ATX,550W,
Corsair RM Series RM1000i,ATX,1000W,
Corsair RM Series RM650,ATX,650W,
Corsair RM Series RM750,ATX,750W,
Corsair RM Series RM850,ATX,850W,
Corsair RM Series RM850i,ATX,850W,
Corsair RM550x,ATX,550W,
Corsair RM750x,ATX,750W,
Corsair RMX Series RM1000x,ATX,1000W,
Corsair RMX Series RM750x,ATX,750W,
Corsair RMX Series RM850x,ATX,850W,
Corsair RMX Series RMX550,ATX,550W,
Corsair RMX Series RMX550x,ATX,550W,
Corsair RMX Series RMX650,ATX,650W,
Corsair RMX Series RMX650x,ATX,650W,
Corsair RMX Series RMX750,ATX,750W,
Corsair RMX Series RMX850,ATX,850W,
Corsair SF Series SF450 80 PLUS Gold SFX,SFX,450W,
Corsair TX550M,ATX,550W,
Corsair TX550M Series Modular,ATX,550W,
Corsair TX650M,ATX,650W,
Corsair TX650M Series Modular,ATX,650W,
Corsair TX750M,ATX,750W,
Corsair TX750M Series Modular,ATX,750W,
Corsair TX850M,ATX,850W,
Corsair TX850M Series Modular,ATX,850W,
Corsair Vengeance Series V500,ATX,500W,
Corsair Vengeance Series V550M,ATX,550W,
Cougar VTX,ATX,450W,
EVGA 450B,ATX,450W,
EVGA 500B,ATX,500W,
EVGA SuperNOVA 1000 PS,ATX,1000W,
EVGA SuperNOVA 550 G3,ATX,550W,
EVGA SuperNOVA 650 G3,ATX,650W,
EVGA SuperNOVA 750 G2,ATX,750W,
EVGA Supernova 750 G2L,ATX,750W,
EVGA SuperNOVA 750 G3,ATX,750W,
EVGA SuperNOVA 850 G2,ATX,850W,
EVGA SuperNOVA G2,ATX,1600W,
EVGA SuperNOVA G2,ATX,1300W,
EVGA SuperNOVA G2,ATX,1000W,
EVGA SuperNOVA G2,ATX,650W,
EVGA SuperNOVA G2,ATX,750W,
EVGA SuperNOVA G2,ATX,550W,
EVGA SuperNOVA G3,ATX,1000W,
EVGA SuperNOVA G3,ATX,750W,
EVGA SuperNOVA P2,ATX,850W,
EVGA SuperNOVA P2,ATX,1000W,
EVGA SuperNOVA P2,ATX,750W,
EVGA SuperNOVA P2 80 PLUS Platinum,ATX,650W,
Kolink Enclave 80 PLUS Gold,ATX,500W,
Kolink SFX-250,SFX,250W,
Kolink SFX-350,SFX,350W,
MSI MAG A1250GL PCIE5,ATX,1250W,
MSI MAG A750GL PCIe5,ATX,750W,
MSI MAG A850GL PCIE5,ATX,850W,
MSI Power Supply MEG Ai1000P PCIE5,ATX,1000W,
PHANTEKS AMP 80 PLUS Gold,ATX,650W,
PHANTEKS AMP 80 PLUS Gold,ATX,550W,
Seasonic Core GC 80 Plus Gold,ATX,650W,
Seasonic Core GC 80 PLUS Gold,ATX,500W,
Seasonic Core GM 80 PLUS Gold,ATX,500W,
Seasonic FOCUS 550 GOLD,ATX,550W,
Seasonic Focus GX 80 Plus Gold,ATX,550W,
Seasonic Focus GX 80 Plus Gold,ATX,650W,
Seasonic Focus GX 80 Plus Gold,ATX,750W,
Seasonic Focus GX 80 PLUS Gold,ATX,850W,
Seasonic Focus PX 80 Plus Platinum 750 Watt,ATX,750W,
"Seasonic P-Series, Fanless 80 PLUS Platinum",ATX,400W,
Seasonic PRIME 650 GOLD,ATX,650W,
Seasonic PRIME 750 W Platinum,ATX,750W,
Seasonic Prime PX 80 PLUS Platinum,ATX,650W,
Seasonic Prime Ultra 80 PLUS Platinum,ATX,650W,
Seasonic Snow Silent,ATX,1050W,
Silverstone SST-ST45SF V2.0 Strider Series SFX,SFX,450W,
Silverstone SST-SX500-LG v2.0 SFX-L 80 PLUS Gold,SFX-L,500W,
Silverstone SST-SX600-G Strider Gold Series,SFX,600W,
Silverstone SST-SX800-LTI SFX-L 80 PLUS Titanium,"ATX, SFX-L",800W,
Super Flower Golden Green HX,ATX,450W,
Super Flower Golden Green HX,ATX,550W,
"Super Flower Leadex 80 PLUS Platinum, black",ATX,650W,
Super Flower Leadex II,ATX,750W,
Super Flower Leadex II,ATX,650W,
Super Flower Leadex II,ATX,750W,
Super Flower Leadex II,ATX,650W,
Super Flower Leadex III 80 PLUS Gold,ATX,550W,
Super Flower Leadex III 80 PLUS Gold,ATX,650W,
Super Flower Leadex III 80 PLUS Gold,ATX,750W,
Super Flower Leadex III 80 PLUS Gold,ATX,850W,
Super Flower Leadex III ARGB 80 PLUS Gold,ATX,850W,
Super Flower Leadex III ARGB 80 PLUS Gold,ATX,750W,
Super Flower Leadex III ARGB 80 PLUS Gold,ATX,650W,
Super Flower Leadex III ARGB 80 PLUS Gold,ATX,550W,
Super Flower Platinum King,ATX,650W,
Super Flower Platinum King,ATX,450W,
Super Flower Platinum King,ATX,550W,
ABYSM Morphep G2 ATX 750W,ATX,750W,
ABYSM Morphep G2 ATX 850W,ATX,850W,
Aerocool Aero Bronze 500W 80 PLUS Bronze,ATX,500W,
Aerocool Aero Bronze 550M 80 PLUS Bronze,ATX,550W,
Aerocool Aero Bronze 550W 80 PLUS Bronze,ATX,550W,
Aerocool Aero Bronze 600W 80 PLUS Bronze,ATX,600W,
Aerocool Aero Bronze 650M 80 PLUS Bronze,ATX,650W,
Aerocool Aero Bronze 650W 80 PLUS Bronze,ATX,650W,
Aerocool Aero Bronze 700W 80 PLUS Bronze,ATX,700W,
Aerocool Aero Bronze 750M 80 PLUS Bronze,ATX,750W,
Aerocool Aero Bronze 750W 80 PLUS Bronze,ATX,750W,
Aerocool Aero Bronze 850M 80 PLUS Bronze,ATX,850W,
Aerocool Aero Cylon 400W 80 PLUS,ATX,400W,
Aerocool Aero White 500 80 PLUS,ATX,500W,
Aerocool Aero White 550 80 PLUS,ATX,550W,
Aerocool Aero White 600 80 PLUS,ATX,600W,
Aerocool Aero White 650 80 PLUS,ATX,650W,
Aerocool Aero White 700 80 PLUS,ATX,700W,
Aerocool Cylon RGB 500W 80 PLUS,ATX,500W,
Aerocool Cylon RGB 600W 80 PLUS,ATX,600W,
Aerocool Cylon RGB 700W 80 PLUS,ATX,700W,
Aerocool DORADO 750W,ATX,750W,
Aerocool MIRAGEGOLD650,ATX,650W,
Aerocool MIRAGEGOLD650M,ATX,650W,
Aerocool MIRAGEGOLD750,ATX,750W,
Aerocool MIRAGEGOLD750M,ATX,750W,
Aerocool MIRAGEGOLD850,ATX,850W,
Aerocool MIRAGEGOLD850M,ATX,850W,
Aerocool Project 7,ATX,850W,
Aerocool Xpredator 400 80 PLUS Bronze,ATX,400W,
Aerocool Xpredator 500,ATX,500W,
Aerocool Xpredator 600,ATX,600W,
Aerocool Xpredator 700,ATX,700W,
Aerocool Xpredator 750M,ATX,750W,
Aerocool Xpredator Gold 650GM,ATX,650W,
Akasa,ITX,90W,
Akasa externes für Mini-ITX Systeme 12V,external,84W,
Akasa PD150-02K externes,"extern, sonstige",150W,
Antec EAG Pro 550W 80 PLUS Gold,ATX,550W,
Antec EAG Pro 650W 80 PLUS Gold,ATX,650W,
Antec EAG Pro 750W 80 PLUS Gold,ATX,750W,
Antec EDGE EDG550,ATX,550W,
Antec EDGE EDG650,ATX,650W,
Antec EDGE EDG750,ATX,750W,
Antec High Current Gamer,ATX,520W,
Antec High Current Gamer,ATX,620W,
Antec High Current Gamer HCG-620M,ATX,620W,
Antec High Current Gamer HCG-750M,ATX,750W,
Antec High Current Gamer HCG-850M,ATX,850W,
Antec High Current Gamer HCG650 80 PLUS Gold,ATX,650W,
Antec High Current Gamer HCG750 80 PLUS Gold,ATX,750W,
Antec High Current Gamer HCG850 80Plus Gold,ATX,850W,
Antec High Current Pro HCP-1000 Platinum,ATX,1000W,
Antec High Current Pro HCP-1300 Platinum,ATX,1300W,
Antec High Current Pro HCP-850 Platinum,ATX,850W,
Antec NE450M EC Semi Modular,ATX,450W,
Antec NE550M EC Semi Modular,ATX,550W,
Antec NE650M EC Semi Modular,ATX,650W,
Antec True Power TP550C,ATX,550W,
Antec True Power TP650C,ATX,650W,
Antec True Power TP750C,ATX,750W,
Antec VP Strictly Power,ATX,450W,
ASUS 90YE00A1-B0EA00,ATX,600W,
ASUS AP-850G,ATX,850W,
ASUS Prime -750B-BLACK,ATX,750W,
ASUS Prime 750W Gold ( AP-750G ),ATX,750W,
ASUS Prime 850W Gold ( AP-850G ),ATX,850W,
ASUS Prime 850W Gold ( AP-850G ),ATX,850W,
ASUS Prime AP-750G,ATX,750W,
ASUS ROG -LOKI-1000P-SFX-L-GAMING,ATX,1000W,
ASUS ROG -LOKI-1200T-SFX-L-GAMING,SFX-L,1200W,
ASUS ROG -STRIX-1000G-AURA-WHITE-GAMING,ATX,1000W,
ASUS ROG -STRIX-1000P-GAMING-WHITE,ATX,1000W,
ASUS ROG -STRIX-1200P-GAMING,ATX,1200W,
ASUS ROG -STRIX-550G,ATX,550W,
ASUS ROG -STRIX-850P-GAMING,ATX,850W,
ASUS ROG -THOR-1000P3-GAMING,ATX,1000W,
ASUS ROG -THOR-1200P3-GAMING,ATX,1200W,
ASUS ROG -THOR-1600T3-GAMING,ATX,1600W,
ASUS ROG Loki SFX-L 1000W Platinum,SFX,1000W,
ASUS ROG Loki SFX-L 750W Platinum,SFX,750W,
ASUS ROG Loki SFX-L 850W Platinum,SFX,850W,
ASUS ROG Loki SFX-L 850W Platinum White,SFX-L,850W,
ASUS ROG LOKI SFX-L 850W Platinum White Edition,SFX-L,850W,
ASUS ROG Strix 1000G,ATX,1000W,
ASUS ROG STRIX 1000W Gold (16-pin cable),ATX,1000W,
ASUS ROG Strix 1000W Gold Aura Edition,ATX,1000W,
ASUS ROG STRIX 1200W Gold Aura Edition,ATX,1200W,
ASUS ROG Strix 550G 80 PLUS Gold,ATX,550W,
ASUS ROG Strix 650G 80 PLUS Gold,ATX,650W,
ASUS ROG Strix 750G 80 PLUS Gold,ATX,750W,
ASUS ROG STRIX 750W GOLD (16-pin cable),ATX,750W,
ASUS ROG Strix 750W Gold Aura Edition,ATX,750W,
ASUS ROG Strix 850W Gold Aura Edition,ATX,850W,
ASUS ROG STRIX-1000P-GAMING,ATX,1000W,
ASUS ROG THOR 1000P2-GAMING,ATX,1000W,
ASUS ROG THOR 1000W Platinum II EVA Edition,ATX,1000W,
ASUS ROG THOR 1200W Platinum II,ATX,1200W,
ASUS ROG THOR 1600W Titanium,ATX,1600W,
ASUS ROG Thor 80 PLUS Platinum,ATX,850W,
ASUS ROG Thor 80 PLUS Platinum,ATX,1200W,
ASUS ROG Thor 850W Platinum II,ATX,850W,
ASUS ROG-THOR-1000P2-EVA-GAMING,ATX,1000W,
ASUS ROG-THOR-1600T-GAMING,ATX,1600W,
ASUS TUF Gaming 1000W Gold,ATX,1000W,
ASUS TUF Gaming 1000W Gold,ATX,1000W,
ASUS TUF Gaming 1000W Gold White Edition,ATX,1000W,
ASUS TUF GAMING 1200W Gold,ATX,1200W,
ASUS TUF Gaming 650B 80 PLUS Bronze,ATX,650W,
ASUS TUF Gaming 750W Gold,ATX,750W,
ASUS TUF Gaming 850W Gold,ATX,850W,
ASUS TUF-GAMING-1200G,ATX,1200W,
ASUS TUF-GAMING-750G,ATX,750W,
ASUS TUF-GAMING-850G,ATX,850W,
be quiet! BN337,ATX,850W,
be quiet! BN338,ATX,1000W,
be quiet! BN340,ATX,1500W,
be quiet! Dark Power 12,ATX,1000W,
be quiet! Dark Power 12,ATX,850W,
be quiet! Dark Power 12,ATX,750W,
be quiet! Dark Power 13,ATX,850W,
be quiet! Dark Power 13,ATX,750W,
be quiet! Dark Power 13,ATX,1000W,
be quiet! Dark Power Pro 12,ATX,1200W,
be quiet! Dark Power Pro 12,ATX,1500W,
be quiet! Dark Power Pro 13 | 1300W,ATX,1300W,
be quiet! Dark Power Pro 13 | 1600W,ATX,1600W,
be quiet! Dark Power Pro P11 modular,ATX,650W,
be quiet! Dark Power Pro P11 modular,ATX,550W,
be quiet! Power Zone,ATX,1000W,
be quiet! Power Zone,ATX,850W,
be quiet! POWER ZONE 2 1000W,ATX,1000W,
be quiet! POWER ZONE 2 750W,ATX,750W,
be quiet! POWER ZONE 2 850W,ATX,850W,
"be quiet! Power Zone, 80 PLUS Bronze",ATX,650W,
"be quiet! Power Zone, 80 PLUS Bronze",ATX,750W,
be quiet! Pure Power 10,ATX,700W,
be quiet! Pure Power 10,ATX,600W,
be quiet! Pure Power 10,ATX,400W,
be quiet! Pure Power 10,ATX,350W,
be quiet! Pure Power 10,ATX,300W,
be quiet! Pure Power 10,ATX,500W,
be quiet! Pure Power 10 CM,ATX,700W,
be quiet! Pure Power 10 CM,ATX,600W,
be quiet! Pure Power 10 CM,ATX,400W,
be quiet! Pure Power 10 CM,ATX,500W,
be quiet! Pure Power 11 FM,ATX,650W,
be quiet! Pure Power 11 FM,ATX,550W,
be quiet! Pure Power 11 FM,ATX,750W,
be quiet! Pure Power 11 FM 1000W,ATX,1000W,
be quiet! Pure Power 11 FM 850W,ATX,850W,
be quiet! PURE POWER 12 1000W,ATX,1000W,
be quiet! PURE POWER 12 550W,ATX,550W,
be quiet! PURE POWER 12 650W,ATX,650W,
be quiet! PURE POWER 12 750W,ATX,750W,
be quiet! PURE POWER 12 850W,ATX,850W,
be quiet! Pure Power 12 M,ATX,850W,
be quiet! Pure Power 12 M,ATX,650W,
be quiet! Pure Power 12 M,ATX,550W,
be quiet! Pure Power 12 M,ATX,1000W,
be quiet! Pure Power 12 M,ATX,750W,
be quiet! PURE POWER 12 M | 1200W,ATX,1200W,
be quiet! Pure Power 13 M | 1000W,ATX,1000W,
be quiet! Pure Power 13 M | 550W,ATX,550W,
be quiet! Pure Power 13 M | 650W,ATX,650W,
be quiet! Pure Power 13 M | 750W,ATX,750W,
be quiet! Pure Power 13 M | 850W,ATX,850W,
be quiet! SFX Power 2 80 PLUS Bronze,SFX,300W,
be quiet! SFX Power 2 80 PLUS Bronze,SFX,400W,
be quiet! SFX Power 3,SFX,300W,
be quiet! SFX Power 3,SFX,450W,
be quiet! SFX-L Power,SFX-L,600W,
be quiet! SFX-L Power,SFX-L,500W,
be quiet! SFX-L Power 80 PLUS Gold,SFX-L,500W,
be quiet! SFX-L Power 80 PLUS Gold,SFX-L,600W,
be quiet! Straight Power 10,ATX,700W,
be quiet! Straight Power 10,ATX,600W,
be quiet! Straight Power 10,ATX,500W,
be quiet! Straight Power 10,ATX,400W,
be quiet! Straight Power 10 CM,ATX,600W,
be quiet! Straight Power 10 CM,ATX,700W,
be quiet! Straight Power 10 CM,ATX,800W,
be quiet! Straight Power 10 CM,ATX,500W,
be quiet! Straight Power 11,ATX,850W,
be quiet! Straight Power 11,ATX,1200W,
be quiet! Straight Power 11,ATX,1000W,
be quiet! Straight Power 11,ATX,750W,
be quiet! Straight Power 11,ATX,650W,
be quiet! Straight Power 11,ATX,550W,
"be quiet! Straight Power 11, 80 PLUS Gold",ATX,450W,
"be quiet! Straight Power 11, 80 PLUS Gold",ATX,650W,
"be quiet! Straight Power 11, 80 PLUS Gold",ATX,550W,
"be quiet! Straight Power 11, 80 PLUS Gold",ATX,750W,
be quiet! Straight Power 12,ATX,750W,
be quiet! Straight Power 12,ATX,1200W,
be quiet! System Power 10,ATX,650W,
be quiet! System Power 10,ATX,450W,
be quiet! System Power 10,ATX,750W,
be quiet! System Power 10,ATX,850W,
be quiet! System Power 11 450W,ATX,450W,
be quiet! System Power 11 550W,ATX,550W,
be quiet! System Power 11 650W,ATX,650W,
be quiet! System Power 11 750W,ATX,750W,
be quiet! System Power 8,ATX,600W,
be quiet! System Power 8,ATX,400W,
be quiet! System Power 8,ATX,500W,
be quiet! System Power 9 80 PLUS Bronze,ATX,400W,
be quiet! System Power 9 80 PLUS Bronze,ATX,500W,
be quiet! System Power 9 80 PLUS Bronze,ATX,600W,
be quiet! System Power 9 80 PLUS Bronze,ATX,700W,
be quiet! System Power 9 CM,ATX,600W,
be quiet! System Power 9 CM,ATX,700W,
be quiet! System Power 9 CM,ATX,500W,
be quiet! System Power 9 CM,ATX,400W,
be quiet! System Power B10,ATX,550W,
be quiet! System Power B8,ATX,300W,
be quiet! System Power B8,ATX,550W,
be quiet! System Power B8,ATX,450W,
be quiet! System Power B8,ATX,350W,
be quiet! System Power B9 80 PLUS Bronze,ATX,300W,
be quiet! System Power B9 80 PLUS Bronze,ATX,350W,
be quiet! System Power B9 80 PLUS Bronze,ATX,450W,
be quiet! System Power B9 80 PLUS Bronze,ATX,600W,
be quiet! TFX Power 2 80 PLUS Bronze,TFX,300W,
be quiet! TFX Power 2 80 PLUS Gold,TFX,300W,
be quiet! TFX Power 3,TFX,300W,
be quiet! TFX Power 3,TFX,300W,
BitFenix Formula 80 PLUS Gold,ATX,750W,
BitFenix Whisper M 80 PLUS Gold,ATX,750W,
Chieftec A-90 Serie GDP-550C 90 Plus Gold,ATX,550W,
Chieftec A-90 Serie GDP-650C 90 Plus Gold,ATX,650W,
Chieftec A-90 Serie GDP-750C 90 Plus Gold,ATX,750W,
Chieftec Atmos,ATX,750W,
Chieftec Atmos,ATX,850W,
Chieftec CDP-120ITX 120 Watt AC-DC Adapter inkl. Wandlerplatine,external,120W,
Chieftec CSN-550C SFX,SFX,550W,
Chieftec CSN-650C SFX,SFX,650W,
Chieftec EON,ATX,600W,
Chieftec EON,ATX,700W,
Chieftec EON ZPU-400S,ATX,400W,
Chieftec EON ZPU-500S,ATX,500W,
Chieftec Force CPS-400S,ATX,400W,
Chieftec Force CPS-500S,ATX,500W,
Chieftec Force CPS-650S,ATX,650W,
Chieftec Force CPS-750S,ATX,750W,
Chieftec Graphics Card-1200FC,ATX,1200W,
Chieftec IArena Serie GPA-350B8,ATX,350W,
Chieftec IArena Serie GPA-350S8,ATX,350W,
Chieftec IArena Serie GPA-400B8,ATX,400W,
Chieftec IArena Serie GPA-400S8,ATX,400W,
Chieftec IArena Serie GPA-450B8,ATX,450W,
Chieftec IArena Serie GPA-450S8,ATX,450W,
Chieftec IArena Serie GPA-500S8,ATX,500W,
Chieftec IArena Serie GPB-300S,ATX,300W,
Chieftec IArena Serie GPB-350S,ATX,350W,
Chieftec IArena Serie GPB-400S,ATX,400W,
Chieftec IArena Serie GPB-450S,ATX,450W,
Chieftec IArena Serie GPB-500S,ATX,500W,
Chieftec MRG-5800V redundantes 80 PLUS - 2x 800 Watt,redundant,800W,
Chieftec MRG-6500P - 2x 500 Watt,redundant,500W,
Chieftec MRT-5320G redundantes 80 PLUS Gold - 2x 320 Watt,redundant,320W,
Chieftec Navitas,ATX,1250W,
Chieftec Navitas 80 PLUS Gold,ATX,1000W,
Chieftec Navitas Serie GPM-450S,ATX,450W,
Chieftec Navitas Serie GPM-550S,ATX,550W,
Chieftec Navitas Serie GPM-650S,ATX,650W,
Chieftec Navitas Serie GPM-750S,ATX,750W,
Chieftec Polaris 3.0 1050W,ATX,1050W,
Chieftec Polaris 3.0 1250W,ATX,1250W,
Chieftec Polaris 3.0 850W,ATX,850W,
Chieftec Polaris PRO 1300W,ATX,1300W,
Chieftec Power Smart 80 PLUS Gold,ATX,1250W,
Chieftec Power Smart 80 PLUS Gold,ATX,1450W,
Chieftec Power Smart 80 PLUS Gold,ATX,1350W,
Chieftec PSF-400B 80 PLUS Bronze,ATX,400W,
Chieftec Smart Serie GPS-400A8,ATX,400W,
Chieftec Smart Serie GPS-500A8,ATX,500W,
Chieftec Smart Serie GPS-600A8,ATX,600W,
Chieftec Smart Serie GPS-700A8,ATX,700W,
Chieftec Smart Serie SFX-350BS,SFX,350W,
Chieftec Smart Serie SFX-450BS,SFX,450W,
Chieftec Smart Serie SFX-500GD-C,SFX-L,500W,
Chieftec Smart Series TFX 250P 80 PLUS Bronze,TFX,250W,
Chieftec Value APB-600B8,ATX,600W,
Chieftec Value APB-700B8,ATX,700W,
Chieftec Vega 750W Series PPG-750-S,ATX,750W,
Chieftec Vega PPG-750-C,ATX,750W,
Chieftec Vega PPG-850-C,ATX,850W,
Chieftec Vega PPG-850-S Watt,ATX,850W,
Chieftec Vita BPX-750-C,ATX,750W,
Chieftec Vita BPX-850-C,ATX,850W,
"Chieftec Vita Netzteil 750W 80+Bronze retail - PC-/Server Netzteil - 12,5 min",PS/2,750W,
"Chieftec Vita Netzteil 850W 80+Bronze - PC-/Server Netzteil - 14,17 min",PS/2,850W,
Cooler Master GX2 850 Gold,ATX,850W,
Cooler Master MasterWatt,ATX,550W,
"Cooler Master MasterWatt, 80 PLUS-Bronze",ATX,750W,
"Cooler Master MasterWatt, 80 PLUS-Bronze",ATX,650W,
Cooler Master MWE Gold V2,ATX,850W,
Cooler Master MWE Gold V2,ATX,750W,
Cooler Master V-Series SFX,SFX,850W,
Cooler Master V-Series SFX,SFX,750W,
Corsair AX1000 High Performance,ATX,1000W,
Corsair AX1500i Digital ATX Power Supply,ATX,1500W,
Corsair AX760i Digital ATX Power Supply,ATX,760W,
Corsair AX850 High Performance,ATX,850W,
Corsair Builder Series CX450,ATX,450W,
Corsair Builder Series CX450M Modular,ATX,450W,
Corsair Builder Series CX500,ATX,500W,
Corsair Builder Series CX550,ATX,550W,
Corsair Builder Series CX550M Modular,ATX,550W,
Corsair Builder Series CX600,ATX,600W,
Corsair Builder Series CX650,ATX,650W,
Corsair Builder Series CX650M Modular,ATX,650W,
Corsair Builder Series CX750,ATX,750W,
Corsair Builder Series CX750 Rev. 2,ATX,750W,
Corsair Builder Series CX750M Modular,ATX,750W,
Corsair Builder Series CX850M Modular,ATX,850W,
Corsair CS-M Series CS550M Modular,ATX,550W,
Corsair CS-M Series CS650M Modular,ATX,650W,
Corsair CS-M Series CS750M Modular,ATX,750W,
Corsair CS-M Series CS850M Modular,ATX,850W,
Corsair CV Series CV450,ATX,450W,
Corsair CV Series CV550,ATX,550W,
Corsair CV Series CV650,ATX,650W,
Corsair CV Series CV650 Dual EPS,ATX,650W,
Corsair CX550F RGB,ATX,550W,
Corsair CX550F RGB,ATX,550W,
Corsair CX550M,ATX,550W,
Corsair CX650,ATX,650W,
Corsair CX650F RGB,ATX,650W,
Corsair CX650F RGB,ATX,650W,
Corsair CX650M,ATX,650W,
Corsair CX750,ATX,750W,
Corsair CX750F RGB,ATX,750W,
Corsair CX750F RGB,ATX,750W,
Corsair CX750M,ATX,750W,
Corsair CX850M,ATX,850W,
Corsair HX1000,ATX,1000W,
Corsair HX1000 High Performance,ATX,1000W,
Corsair HX1000i High Performance,ATX,1000W,
Corsair HX1000i High-Performance ATX Power Supply,ATX,1000W,
Corsair HX1200 High Performance,ATX,1200W,
Corsair HX1200i High Performance,ATX,1200W,
Corsair HX750,ATX,750W,
Corsair HX750 High Performance,ATX,750W,
Corsair HX750i High Performance,ATX,750W,
Corsair HX750i High-Performance ATX Power Supply,ATX,750W,
Corsair HX850,ATX,850W,
Corsair HX850 High Performance,ATX,850W,
Corsair HX850i High Performance,ATX,850W,
Corsair HX850i High-Performance ATX Power Supply,ATX,850W,
Corsair HXi Series HX1000i,ATX PS/2,1000W,
Corsair HXi Series HX1200i,ATX,1200W,
Corsair HXi Series HX1500i,ATX PS/2,1500W,
Corsair Professional Platinum Series AX1200i,ATX,1200W,
Corsair Professional Platinum Series AX1500i,ATX,1500W,
Corsair Professional Platinum Series AX1600i,ATX,1600W,
Corsair Professional Platinum Series AX760,ATX,760W,
Corsair Professional Platinum Series AX860,ATX,860W,
Corsair Professional Platinum Series AX860I,ATX,860W,
Corsair RM Series RM650,ATX,650W,
Corsair RM Series RM650i,ATX,650W,
Corsair RM Series RM750 (2021),ATX,750W,
Corsair RM Series RM750i,ATX,750W,
Corsair RM Series RM850 (2021),ATX,850W,
Corsair RM1000,ATX,1000W,
Corsair RM1000x,ATX,1000W,
Corsair RM650i,ATX,650W,
Corsair RM650x,ATX,650W,
Corsair RM850i,ATX,850W,
Corsair RM850x,ATX,850W,
Corsair RM850x,ATX,850W,
Corsair RMe Series RM750e,ATX,750W,
Corsair RMX Series (2021) RM1000x,ATX,1000W,
Corsair RMX Series (2021) RM550x,ATX,550W,
Corsair RMX Series (2021) RM650x,ATX,650W,
Corsair RMX Series (2021) RM750x,ATX,750W,
Corsair RMX Series 2018 RMX750 - white,ATX,750W,
Corsair RMX Series 2018 RMX850,ATX,850W,
Corsair RMX Series RMX750 - white,ATX,750W,
Corsair RMX Series RMX850,ATX,850W,
Corsair RMx Shift Series RM750x,ATX PS/2,750W,
Corsair SF Series SF450 80 PLUS Platinum SFX,SFX,450W,
Corsair SF Series SF600 80 PLUS Gold SFX,SFX,600W,
Corsair SF Series SF600 80 PLUS Platinum SFX,SFX,600W,
Corsair SF Series SF750 80 PLUS Platinum SFX,SFX,750W,
Corsair SF450,SFX,450W,
Corsair SF600,SFX,600W,
Corsair Vengeance Series V650M,ATX,650W,
Corsair VS Series VS350,ATX,350W,
Corsair VS Series VS450,ATX,450W,
Corsair VS Series VS450,ATX,450W,
Corsair VS Series VS550,ATX,550W,
Corsair VS Series VS550,ATX,550W,
Corsair VS Series VS650,ATX,650W,
Corsair VS Series VS650,ATX,650W,
Corsair VS400,ATX,400W,
Corsair VS500,ATX,500W,
Corsair VS600,ATX,600W,
Cougar CMD 500 digitales,ATX,500W,
Cougar CMD 600 digitales,ATX,600W,
COUGAR Gaming 31GM105001P01,ATX,1050W,
COUGAR Gaming 31TP065056H-01,ATX,650W,
COUGAR Gaming 31VG075.0001P,ATX,750W,
COUGAR Gaming CGR GEXP-650,ATX,650W,
COUGAR Gaming CGR GEXP-750,ATX,650W,
COUGAR Gaming CGR GEXP-850,ATX,650W,
COUGAR Gaming CGR GLE-1000,ATX,1000W,
COUGAR Gaming CGR GLE-1200,ATX,1200W,
COUGAR Gaming GEX 1050,ATX,1050W,
COUGAR Gaming GEX X2 1000,ATX,1000W,
COUGAR Gaming GST,ATX,750W,
COUGAR Gaming GST,ATX,850W,
COUGAR Gaming POLAR,ATX,1050W,
COUGAR Gaming POLAR X2,ATX,1200W,
COUGAR Gaming POLAR X2,ATX,1050W,
Cougar GX 1050 V3,ATX,1050W,
Cougar GX 600 V3,ATX,600W,
Cougar GX 800 V3,ATX,800W,
Cougar GX-F,ATX,650W,
Cougar GX-F,ATX,550W,
Cougar GX-F,ATX,750W,
Cougar GX-S,ATX,750W,
Cougar GX-S,ATX,650W,
Cougar GX-S,ATX,550W,
Cougar GX-S,ATX,450W,
Cougar LX500,ATX,500W,
Cougar LX600,ATX,600W,
Cougar STX,ATX,750W,
Cougar STX,ATX,550W,
Cougar STX,ATX,650W,
Cougar STX,ATX,450W,
Cougar STX,ATX,350W,
Cougar VTX,ATX,700W,
Cougar VTX,ATX,600W,
Cougar VTX,ATX,500W,
Cougar VTX,ATX,400W,
Deep Gaming DG-PWS850-MGL5,ATX,850W,
Enermax Digifanless digitales,ATX,550W,
Enermax Maxpro,ATX,500W,
Enermax Platimax,ATX,750W,
Enermax Platimax,ATX,1000W,
Enermax Platimax,ATX,1700W,
Enermax Platimax,ATX,850W,
Enermax Platimax D.F.,ATX,600W,
Enermax Platimax D.F. 80 PLUS Platin,ATX,500W,
Enermax Revolution87+,ATX,850W,
EVGA,ATX,430W,
EVGA 1000GQ,ATX,1000W,
EVGA 400 N1,ATX,400W,
EVGA 430 W1,ATX,430W,
EVGA 450 B3,ATX,450W,
EVGA 450 BT,ATX,450W,
EVGA 450 BV,ATX,450W,
EVGA 500 B1,ATX,500W,
EVGA 500 BQ,ATX,500W,
EVGA 500 BV,ATX,500W,
EVGA 500 W1,ATX,500W,
EVGA 550 B3,ATX,550W,
EVGA 550 N1,ATX,550W,
EVGA 600 BQ,ATX,600W,
EVGA 600 W1,ATX,600W,
EVGA 600B,ATX,600W,
EVGA 650 B3,ATX,650W,
EVGA 650 BQ,ATX,650W,
EVGA 650 GQ,ATX,650W,
EVGA 650 N1,ATX,650W,
EVGA 700 B1,ATX,700W,
EVGA 700B,ATX,700W,
EVGA 750 B3,ATX,750W,
EVGA 750 GQ,ATX,750W,
EVGA 750 N1,ATX,750W,
EVGA 850 B3,ATX,850W,
EVGA 850 BQ,ATX,850W,
EVGA 850 GQ,ATX,850W,
EVGA B3,ATX,850W,
EVGA B3,ATX,750W,
EVGA B3,ATX,650W,
EVGA B3,ATX,550W,
EVGA B3,ATX,450W,
EVGA BQ,ATX,850W,
EVGA BQ,ATX,750W,
EVGA BQ,ATX,650W,
EVGA BQ,ATX,600W,
EVGA BQ,ATX,500W,
EVGA SuperNOVA 1000 G2,ATX,1000W,
EVGA SuperNOVA 1000 P2,ATX,1000W,
EVGA SuperNOVA 1000 T2,ATX,1000W,
EVGA SuperNOVA 1050 GS,ATX,1050W,
EVGA SuperNOVA 1200 P2,ATX,1200W,
EVGA SuperNOVA 1300 G2,ATX,1300W,
EVGA SuperNOVA 1600 G2,ATX,1600W,
EVGA SuperNOVA 1600 P2,ATX,1600W,
EVGA SuperNOVA 1600 T2,ATX,1600W,
EVGA SuperNOVA 550 G2,ATX,550W,
EVGA SuperNOVA 550 GS,ATX,550W,
EVGA SuperNOVA 650 G1,ATX,650W,
EVGA SuperNOVA 650 G2,ATX,650W,
EVGA SuperNOVA 650 P2,ATX,650W,
EVGA SuperNOVA 750 B1,ATX,750W,
EVGA SuperNOVA 750 B2,ATX,750W,
EVGA SuperNOVA 750 G1,ATX,750W,
EVGA SuperNOVA 750 P2,ATX,750W,
EVGA SuperNOVA 750 T2,ATX,750W,
EVGA SuperNOVA 850 B2,ATX,850W,
EVGA Supernova 850 G2L,ATX,850W,
EVGA SuperNOVA 850 G3,ATX,850W,
EVGA SuperNOVA 850 GS,ATX,850W,
EVGA SuperNOVA 850 P2,ATX,850W,
EVGA SuperNOVA 850 T2,ATX,850W,
EVGA SuperNOVA G1,ATX,1000W,
EVGA SuperNOVA G1,ATX,650W,
EVGA SuperNOVA G2,ATX,850W,
EVGA SuperNOVA G2L,ATX,850W,
EVGA SuperNOVA G2L 80 PLUS Gold,ATX,750W,
EVGA SuperNOVA G3,ATX,550W,
EVGA SuperNOVA G3,ATX,650W,
EVGA SuperNOVA G3,ATX,850W,
EVGA SuperNOVA GQ,ATX,1000W,
EVGA SuperNOVA GQ,ATX,850W,
EVGA SuperNOVA GQ,ATX,750W,
EVGA SuperNOVA GQ,ATX,650W,
EVGA SuperNOVA GS 550,ATX,550W,
EVGA SuperNOVA P2,ATX,1200W,
EVGA SuperNOVA P2,ATX,1600W,
EVGA SuperNOVA T2,ATX,1600W,
EVGA SuperNOVA T2,ATX,1000W,
EVGA SuperNOVA T2,ATX,850W,
EVGA W1,ATX,600W,
Fractal Design Ion SFX,SFX-L,650W,
Fractal Design Ion SFX,SFX-L,500W,
Fractal Design Ion+ Platinum,ATX,660W,
Fractal Design Ion+ Platinum,ATX,760W,
Fractal Design Ion+ Platinum,ATX,560W,
Fractal Design Ion+ Platinum,ATX,860W,
FSP DAGGER PRO ATX3.0(PCIe5.0) 850W,SFX,850W,
FSP FSP180-50FEB,Flex ATX,180W,
FSP FSP250-50FEB,Flex ATX,250W,
FSP FSP400-50AAC,ATX,400W,
FSP FSP460-70PFL(SK),ATX,460W,
FSP H3-550,ATX,550W,
FSP Hydro G PRO ATX3.0(PCIe5.0) 1000W,ATX,1000W,
FSP Hydro G PRO ATX3.0(PCIe5.0) 1200W,ATX,1200W,
FSP Hydro G PRO ATX3.0(PCIe5.0) 850W,ATX,850W,
FSP Hydro GT PRO 1000W,ATX,1000W,
FSP Hydro GT PRO ATX3.0(PCIe5.0) 1000W,ATX,1000W,
FSP Hydro GT PRO ATX3.0(PCIe5.0) 850W,ATX,850W,
FSP Hydro GT PRO ATX3.0(PCIe5.0) 850W,ATX,850W,
FSP Hydro K PRO 750W,ATX,750W,
FSP Hydro K PRO ATX3.0(PCIe5.0) 750W,ATX,750W,
FSP Hydro K PRO ATX3.0(PCIe5.0) 750W,ATX,750W,
FSP Hydro K PRO ATX3.0(PCIe5.0) 850W,ATX,850W,
FSP Hydro K PRO ATX3.0(PCIe5.0) 850W,ATX,850W,
FSP Hydro PTM PRO 1350W ATX3.0(12V-2x6),ATX,1350W,
FSP Hydro PTM PRO 1650W ATX3.0(12V-2x6),ATX,1650W,
FSP Hydro PTM PRO ATX3.0(PCIe5.0) 1200W,ATX,1200W,
FSP Hydro PTM X PRO ATX3.0(PCIe5.0) 1000W,ATX,1000W,
FSP Hydro PTM X PRO ATX3.0(PCIe5.0) 1200W,ATX,1200W,
FSP Hydro Ti PRO 1000W,ATX,1000W,
FSP Hydro Ti PRO 850W,ATX,850W,
FSP HYPER 80+ PRO 450W,ATX,450W,
FSP HYPER 80+ PRO 550W,ATX,550W,
FSP HYPER 80+ PRO 650W,ATX,650W,
FSP HYPER 80+ PRO 700W,ATX,700W,
FSP Vita,ATX,550W,
FSP Vita,ATX,650W,
FSP Vita,ATX,750W,
FSP Vita,ATX,650W,
FSP Vita,ATX,750W,
FSP Vita,ATX,850W,
FSP VITA GM 1000W,ATX,1000W,
FSP VITA GM 650W,ATX,650W,
FSP VITA GM 750W,ATX,750W,
FSP VITA GM 850W,ATX,850W,
GIGABYTE AORUS ELITE P1000W,ATX,1000W,
GIGABYTE AORUS ELITE P1000W,ATX,1000W,
GIGABYTE AORUS ELITE P1000W ICE,ATX,1000W,
GIGABYTE AORUS ELITE P1000W ICE,ATX,1000W,
GIGABYTE AORUS ELITE P850W,ATX,850W,
GIGABYTE AORUS ELITE P850W,ATX,850W,
GIGABYTE AORUS ELITE P850W ICE,ATX,850W,
GIGABYTE AORUS ELITE P850W ICE,ATX,850W,
Gigabyte Aorus P750W,ATX,750W,
Gigabyte Aorus P850W,ATX,850W,
Gigabyte B700H 80 PLUS Bronze,ATX,700W,
Gigabyte G750H 80 PLUS Gold,ATX,750W,
GIGABYTE GP-P650G,ATX,650W,
GIGABYTE GP-UD850GM PG5,ATX,850W,
Gigabyte P450B,ATX,450W,
Gigabyte P550B,ATX,550W,
GIGABYTE P550SS,ATX,550W,
GIGABYTE P550SS ICE,ATX,550W,
GIGABYTE P550SS ICE,ATX,550W,
GIGABYTE P650SS,ATX,550W,
GIGABYTE P650SS ICE,ATX,650W,
GIGABYTE P750BS,ATX,750W,
GIGABYTE P750BS,ATX,750W,
Gigabyte P850GM,ATX,850W,
Gigabyte PB500,ATX,500W,
Gigabyte PW400,ATX,400W,
Gigabyte UD1000GM PG5,ATX,1000W,
GIGABYTE UD1000GM PG5,ATX,1000W,
Gigabyte UD1000GM PG5 2.0,ATX,1000W,
GIGABYTE UD1000GM PG5 V2,ATX,1000W,
GIGABYTE UD1000GM PG5 V2 ICE,ATX,1000W,
GIGABYTE UD1300GM PG5,ATX,1300W,
GIGABYTE UD1600PM PG5 AI TOP,ATX,1600W,
GIGABYTE UD1600PM PG5 AI TOP,ATX,1600W,
GIGABYTE UD1600PM PG5 AI TOP,ATX,1600W,
GIGABYTE UD750GM PG5,ATX,750W,
GIGABYTE UD750GM PG5 V2,ATX,750W,
GIGABYTE UD750GM PG5 V2 ICE,ATX,750W,
GIGABYTE UD850GM,ATX,850W,
GIGABYTE UD850GM PG5 V2,ATX,850W,
GIGABYTE UD850GM PG5 V2 ICE,ATX,850W,
GIGABYTE UD850GM PG5W,ATX,850W,
GIGABYTE UD850GM PG5W,ATX,850W,
Gigabyte XP1200M,ATX,1200W,
Hiditec BZX650,ATX,650W,
Hiditec BZX750,ATX,750W,
Hiditec BZX850,ATX,850W,
Hiditec GDX1050 v2,ATX,1050W,
Hiditec GDX750 v2,ATX,750W,
Hiditec GDX850 v2,ATX,850W,
Hiditec PSU010029,ATX,750W,
Hiditec PSU010030,ATX,850W,
Hiditec PSU010031,ATX,1050W,
Hiditec RL550,ATX,550W,
Hiditec RL650,ATX,650W,
Hiditec RL750,ATX,750W,
Hiditec RX650,ATX,650W,
Hiditec RX750,ATX,750W,
Impactics 65 Watt AC-DC Adapter für D1NU-Serie,external,65W,
Impactics 84 Watt AC-DC Adapter inkl. 130 Watt Wandlerplatine,external,84W,
IN WIN Classic C750 80Plus Platinum,ATX,750W,
IN WIN Classic C900 80Plus Platinum,ATX,900W,
IN WIN GreenMe,ATX,750W,
IN WIN GreenMe,ATX,550W,
IN WIN GreenMe,ATX,650W,
IN WIN Power Man IP-P1K0BK7-2,ATX,1000W,
IN WIN Power Man IP-P1K2BK7-2,ATX,1200W,
InWin DESERT FOX Commander III 80 PLUS Gold,ATX,600W,
InWin IP-AD180-2 H 80 Plus Bronze,ITX,180W,
InWin P75FII,ATX,750W,
InWin P85FII,ATX,850W,
"InWin Power Man IP-S550HQ3-2, 80 PLUS Bronze",ATX,550W,
"InWin Power Man IP-S650HQ3-2, 80 PLUS Bronze",ATX,650W,
itek GBI750,ATX,750W,
itek GBI850,ATX,850W,
itek GX550 EVO,SFX,550W,
itek GX650 EVO,SFX,650W,
itek NBPS500K,ATX,500W,
itek PBI1000,ATX,1000W,
itek SI350,ATX,350W,
Kolink Classic Power 80 PLUS Bronze,ATX,700W,
Kolink Classic Power 80 PLUS Bronze,ATX,600W,
Kolink Classic Power 80 PLUS Bronze,ATX,500W,
Kolink Classic Power 80 PLUS Bronze,ATX,400W,
Kolink Continuum 80 PLUS Platinum,ATX,1200W,
Kolink Continuum 80 PLUS Platinum,ATX,1050W,
Kolink Continuum 80 PLUS Platinum,ATX,1500W,
Kolink Continuum 80 PLUS Platinum,ATX,850W,
Kolink Continuum 80 PLUS Platinum,ATX,1050W,
Kolink Continuum 80 PLUS Platinum,ATX,1200W,
Kolink Core 80 PLUS,ATX,400W,
Kolink Core 80 PLUS,ATX,500W,
Kolink Core 80 PLUS,ATX,300W,
Kolink Core 80 PLUS,ATX,600W,
Kolink Core 80 PLUS,ATX,700W,
Kolink Core 80 PLUS,ATX,1000W,
Kolink Core 80 PLUS,ATX,850W,
Kolink Core RGB 80 PLUS,ATX,500W,
Kolink Core S Series 80 PLUS,ATX,700W,
Kolink Core S Series 80 PLUS,ATX,600W,
Kolink Core S Series 80 PLUS,ATX,500W,
Kolink Enclave 80 PLUS Gold,ATX,600W,
Kolink Enclave 80 PLUS Gold,ATX,700W,
Kolink KL-1000M,ATX,1000W,
Kolink KL-400 80 PLUS Bronze 400 Watt,ATX,400W,
Kolink KL-500,ATX,500W,
Kolink KL-500M,ATX,500W,
Kolink KL-600,ATX,600W,
Kolink KL-600M,ATX,600W,
Kolink KL-700,ATX,700W,
Kolink KL-700M,ATX,700W,
Kolink KL-850M,ATX,850W,
Kolink Modular Power 80 PLUS Bronze,ATX,600W,
Kolink Modular Power 80 PLUS Bronze,ATX,700W,
Kolink Modular Power 80 PLUS Bronze,ATX,500W,
Kolink Modular Power 80 PLUS Bronze,ATX,850W,
Kolink SFX-450,SFX,450W,
Lian Li PE-550B SFX-L,SFX-L,550W,
Lian Li PE-750B SFX-L,SFX-L,750W,
Lian Li SP750,SFX,750W,
Lian Li SP750,SFX,750W,
Lian Li SP850,SFX,850W,
Lian Li SP850,SFX,850W,
Mars Gaming MPB1000M,ATX,1000W,
Mars Gaming MPB650,ATX,650W,
Mars Gaming MPB650SI,ATX,650W,
Mars Gaming MPB650SIW,ATX,650W,
Mars Gaming MPB750M,ATX,750W,
Mars Gaming MPB750SIW,ATX,750W,
Mars Gaming MPB850M,ATX,850W,
Mars Gaming MPIII550,ATX,550W,
Mars Gaming MPIII650,ATX,650W,
Mars Gaming MPIII650,ATX,650W,
Mars Gaming MPIII750,ATX,750W,
Mars Gaming MPIII750W,ATX,750W,
Mars Gaming MPVU750M,ATX,750W,
Mars Gaming MPZE750M,ATX,750W,
Montech Century G5 80 PLUS Gold,ATX,750W,
Montech Titan 1000W - 80 PLUS & Cybenetics Gold,ATX,1000W,
Montech Titan 1200W - 80 PLUS & Cybenetics Gold,ATX,1200W,
Montech Titan 850W - 80 PLUS & Cybenetics Gold,ATX,850W,
MSI MAG A1000GL PCIE5,ATX,1000W,
MSI MAG A1250GL PCIE5,ATX,1250W,
MSI MAG A550BN,ATX,550W,
MSI MAG A550BNL,ATX,550W,
MSI MAG A650BN,ATX,650W,
MSI MAG A650BNL,ATX,650W,
MSI MAG A650GL,ATX,650W,
MSI MAG A750BN PCIE5,ATX,750W,
MSI MAG A750GL PCIE5,ATX,750W,
MSI MAG A750GL PCIE5 II,ATX,750W,
MSI MAG A750GN PCIE5,ATX,750W,
MSI MAG A850GL PCIe5,ATX,850W,
MSI MAG A850GL PCIE5 II,ATX,850W,
MSI MAG A850GL PCIE5 WHITE,ATX,850W,
MSI MAG A850GN PCIE5,ATX,850W,
MSI MEG AI1300P PCIE5,ATX,1300W,
MSI MEG Ai1600T PCIE5,ATX,1600W,
MSI MPG A1000G,ATX,1000W,
MSI MPG A1000G PCIE5,ATX,1000W,
MSI MPG A1000G PCIE5,ATX,1000W,
MSI MPG A1000GS PCIE5,ATX,1000W,
MSI MPG A1250GS PCIE5,ATX,1250W,
MSI MPG A650GF,ATX,650W,
MSI MPG A750GF,ATX,750W,
MSI MPG A750GF White,ATX,750W,
MSI MPG A750GF WHITE,ATX,750W,
MSI MPG A850G PCIE5,ATX,850W,
MSI MPG A850GF,ATX,850W,
MSI MPG A850GS PCIE5,ATX,850W,
NZXT E500 Modular,ATX,500W,
NZXT E650 Modular,ATX,650W,
NZXT E850 Modular,ATX,850W,
PHANTEKS AMP 80 PLUS Gold,ATX,1000W,
PHANTEKS AMP 80 PLUS Gold,ATX,850W,
PHANTEKS AMP 80 PLUS Gold,ATX,750W,
PHANTEKS AMP v2 80 PLUS Gold,ATX,1000W,
PHANTEKS AMP v2 80 PLUS Gold,ATX,1000W,
PHANTEKS Revolt Pro 80 PLUS Gold,ATX,850W,
PHANTEKS Revolt Pro 80 PLUS Gold,ATX,1000W,
PHANTEKS Revolt SFX 80 PLUS Gold,SFX,650W,
PHANTEKS Revolt SFX 80 PLUS Gold,SFX,750W,
PHANTEKS Revolt SFX 80 PLUS Platinum,SFX,750W,
PHANTEKS Revolt SFX 80 PLUS Platinum,SFX,850W,
PHANTEKS Revolt X 80 PLUS Platinum,ATX,1000W,
PHANTEKS Revolt X 80 PLUS Platinum,ATX,1200W,
Phobya externes,extern,70W,
Seasonic CONNECT 750 Gold,ATX,750W,
Seasonic Eco 80 PLUS Bronze,ATX,430W,
Seasonic FOCUS 650 GOLD,ATX,650W,
Seasonic FOCUS 750 GOLD,ATX,750W,
Seasonic Focus 80 PLUS Gold,ATX,450W,
Seasonic Focus 80 PLUS Gold,"ATX, SFX",750W,
Seasonic Focus 80 PLUS Platinum,"ATX, SFX",650W,
Seasonic Focus GX 80 PLUS Gold,ATX,1000W,
Seasonic Focus Plus,ATX,850W,
Seasonic Focus Plus Gold,ATX,550W,
Seasonic Focus Plus Gold,ATX,650W,
Seasonic Focus Plus Gold,ATX,750W,
Seasonic Focus Plus Gold,ATX,1000W,
Seasonic Focus Plus PCGH Edition,ATX,550W,
Seasonic Focus Plus Platinum,ATX,550W,
Seasonic Focus PX 80 PLUS Platinum,ATX,550W,
Seasonic Focus PX 80 PLUS Platinum,ATX,850W,
Seasonic Focus PX 80 Plus Platinum 650 Watt,ATX,650W,
Seasonic Focus SGX 80 PLUS Gold SFX,"ATX, SFX-L",450W,
Seasonic Focus SGX 80 PLUS Gold SFX,"ATX, SFX-L",650W,
Seasonic Focus SGX 80 PLUS Gold SFX-L,SFX-L,500W,
Seasonic Focus+,ATX,650W,
Seasonic Focus+,ATX,750W,
Seasonic Focus+,ATX,850W,
Seasonic G-360,ATX,360W,
Seasonic G-450,ATX,450W,
Seasonic G-550,ATX,550W,
Seasonic G-Series,ATX,650W,
Seasonic G-Series,ATX,550W,
Seasonic G-Series,ATX,550W,
Seasonic G-Series,ATX,750W,
Seasonic G-Series,ATX,450W,
Seasonic G-Series,ATX,360W,
Seasonic G12 80 PLUS Gold,ATX,750W,
Seasonic G12 80 PLUS Gold,ATX,650W,
Seasonic G12 80 PLUS Gold,ATX,550W,
Seasonic G12-GC-550 Gold,ATX,550W,
Seasonic G12-GC-650 Gold,ATX,650W,
Seasonic M12II 850,ATX,850W,
Seasonic M12II Evo,ATX,750W,
Seasonic M12II EVO 620,ATX,620W,
Seasonic M12II Evo 80 PLUS Bronze,ATX,520W,
"Seasonic M12II Evo, AM2 80 PLUS Bronze",ATX,620W,
Seasonic P-Series,ATX,1050W,
Seasonic P-Series,ATX,860W,
Seasonic P-Series,ATX,520W,
Seasonic P-Series,ATX,760W,
Seasonic P-Series,ATX,660W,
Seasonic Platinum 1000,ATX,1000W,
Seasonic Platinum 460 Fanless,ATX,460W,
Seasonic Platinum 520 Fanless,ATX,520W,
Seasonic PLATINUM 660,ATX,660W,
Seasonic Platinum 760,ATX,760W,
Seasonic PLATINUM 860,ATX,860W,
Seasonic Prime,ATX,850W,
Seasonic Prime,ATX,1000W,
Seasonic Prime,ATX,650W,
Seasonic Prime,ATX,750W,
Seasonic Prime,ATX,650W,
Seasonic Prime,ATX,550W,
Seasonic Prime,ATX,750W,
Seasonic Prime,ATX,850W,
Seasonic Prime,ATX,1000W,
Seasonic PRIME 1200 PLATINUM,ATX,1000W,
Seasonic PRIME 1200 W Gold,ATX,1200W,
Seasonic PRIME 750 GOLD,ATX,750W,
Seasonic Prime 80 PLUS Gold,ATX,1300W,
Seasonic Prime 80 PLUS Platinum,ATX,1300W,
Seasonic Prime Fanless 80 PLUS Titanium,ATX,600W,
Seasonic Prime Fanless PX,ATX,450W,
Seasonic Prime Fanless PX,ATX,500W,
Seasonic Prime Fanless TX,ATX,700W,
Seasonic PRIME Fanless TX-600,sonstige,600W,
Seasonic Prime GX 80 PLUS Gold,ATX,650W,
Seasonic Prime Snow Silent 80 PLUS Gold,ATX,550W,
Seasonic Prime Snow Silent 80 PLUS Platinum,ATX,650W,
Seasonic Prime Snow Silent 80 PLUS Titanium,ATX,750W,
Seasonic Prime TX 80 PLUS Titanium,ATX,850W,
Seasonic Prime Ultra,ATX,650W,
Seasonic PRIME ULTRA 1000 GOLD,ATX,1000W,
Seasonic PRIME Ultra 1000 W Platinum,ATX,1000W,
Seasonic Prime Ultra 80 PLUS Gold,ATX,550W,
Seasonic Prime Ultra 80 PLUS Platinum,ATX,850W,
Seasonic Prime Ultra 80 PLUS Platinum,ATX,750W,
Seasonic Prime Ultra 80 PLUS Platinum,ATX,1000W,
Seasonic PRIME ULTRA 850 GOLD,ATX,850W,
Seasonic S12G,ATX,550W,
Seasonic S12G-750,ATX,750W,
Seasonic S12II,ATX,430W,
Seasonic S12II 430,ATX,430W,
Seasonic S12II 620,ATX,620W,
"Seasonic S12II, GB 80 PLUS Bronze",ATX,620W,
"Seasonic S12II, GB 80 PLUS Bronze",ATX,520W,
Seasonic S12III 80 PLUS Bronze,ATX,550W,
Seasonic S12III 80 PLUS Bronze,ATX,650W,
Seasonic S12III 80 PLUS Bronze,ATX,500W,
Seasonic Snow Silent,ATX,750W,
"Seasonic SS-350ES 80 PLUS Bronze, bulk",ATX,350W,
Seasonic SS-400ES,ATX,400W,
Seasonic Vertex GX 80 PLUS Gold,ATX,1000W,
Seasonic Vertex GX 80 PLUS Gold,ATX,850W,
Seasonic Vertex GX 80 PLUS Gold,ATX,1200W,
Seasonic X-1050,ATX,1050W,
Seasonic X-1250,ATX,1250W,
Seasonic X-650,ATX,650W,
Seasonic X-850,ATX,850W,
Seasonic X-Series,ATX,850W,
Seasonic X-Series,ATX,650W,
Seasonic X-Series,ATX,750W,
Shuttle PC850,Flex ATX,850W,
Silentmaxx Fanless II,ATX,500W,
Silverstone DA850-G,ATX,850W,
Silverstone externes für Mini-STX Systeme 19V,external,120W,
SilverStone NJ700 80 PLUS Titanium,ATX,700W,
SilverStone SST-DA1650-G Decathalon Series 80 PLUS Gold,ATX,1650W,
SilverStone SST-DA750R-GMA 80 PLUS Gold,ATX,750W,
SilverStone SST-DA750R-GMA-WWW 80 PLUS Gold,ATX,750W,
Silverstone SST-ET500-ARGB,ATX,500W,
Silverstone SST-ET550-B v1.2 ATX,ATX,550W,
SilverStone SST-ET650-B v1.4 Strider Essential Series 80 PLUS Bronze,ATX,650W,
SilverStone SST-ET750-B v1.1 Strider Essential Series 80 PLUS Bronze,ATX,750W,
Silverstone SST-EX1200R-PL Platinum,SFX-L,1200W,
SilverStone SST-EX500-B Extreme SFX,SFX,500W,
SilverStone SST-EX850R-PM Extreme SFX,SFX,850W,
SilverStone SST-FX350-G Flex Series 80 PLUS Gold,ATX,350W,
SilverStone SST-FX600-PT FX600 Platinum,Flex-ATX,600W,
Silverstone SST-GM1000-2UG V2 redundantes 2HE-,ATX,1000W,
SilverStone SST-GM400-1UB Gemini Series - 2x 400 Watt,redundantes Netzteil,400W,
Silverstone SST-GM400-S Gemini Series redundantes,redundant,400W,
Silverstone SST-GM500-G Gemini Series redundantes,redundant,500W,
Silverstone SST-GM600-2UG - 2x 600 Watt,redundant,600W,
Silverstone SST-GM600-2UG V2 redundantes 2HE-,ATX,600W,
Silverstone SST-GM600-G Gemini Series redundantes,redundant,600W,
Silverstone SST-GM800-2UG - 2x 800 Watt,redundant,800W,
Silverstone SST-GM800-2UG V2 redundantes 2HE-,ATX,800W,
Silverstone SST-HA2050R-PM Platinum,ATX,2050W,
SilverStone SST-HA850R-PM - Cybenetics Platinum,ATX,850W,
Silverstone SST-NJ450-SXL Nightjar-Series,"ATX, SFX-L",450W,
Silverstone SST-NJ520 Nightjar-Series,ATX,520W,
Silverstone SST-ST1000-G Strider Evolution v2.0 Gold Series,ATX,1000W,
Silverstone SST-ST1000-P Strider,ATX,1000W,
Silverstone SST-ST1000-PT Strider 80 PLUS Platinum,ATX,1000W,
SilverStone SST-ST1000-PTS Strider Platinum Series 80 PLUS Platinum,ATX,1000W,
Silverstone SST-ST1100-TI Strider 80 PLUS Titanium modular - 1.100 Watt,ATX,1100W,
Silverstone SST-ST1200-G Strider Evolution Gold Series,ATX,1200W,
Silverstone SST-ST1200-PT Strider 80 PLUS Platinum,ATX,1200W,
SilverStone SST-ST1200-PTS Strider Platinum Series 80 PLUS Platinum,ATX,1200W,
Silverstone SST-ST1300-TI Strider 80 PLUS Titanium modular - 1.300 Watt,ATX,1300W,
Silverstone SST-ST1300-TI v 2.0 Strider 80 PLUS Titanium,ATX,1300W,
Silverstone SST-ST1500-GS Strider Gold Series vollmodular,ATX,1500W,
Silverstone SST-ST1500-TI Strider 80 PLUS Titanium modular,ATX,1500W,
Silverstone SST-ST1500-TI v1.1,ATX,1500W,
Silverstone SST-ST30SF V2.0 Strider SFX Bronze,SFX,300W,
Silverstone SST-ST40F-ES230 Strider Essential Series,ATX,400W,
Silverstone SST-ST40F-ESB Strider Essential Series Bronze,ATX,400W,
Silverstone SST-ST45SF V3.0 80 PLUS Bronze SFX,SFX,450W,
Silverstone SST-ST45SF-G V2.0 Strider Serie SFX Gold,SFX,450W,
Silverstone SST-ST50F-ES230 v2.0 Strider Essential Series,ATX,500W,
Silverstone SST-ST50F-ESB Strider Essential Series Bronze,ATX,500W,
Silverstone SST-ST50F-ESG Strider Essential Series Gold,ATX,500W,
Silverstone SST-ST50F-PB Strider Plus Bronze modular,ATX,500W,
Silverstone SST-ST55F-G V2.0 Strider Gold Series,ATX,550W,
SilverStone SST-ST55F-PB Strider Plus Series 80 PLUS Bronze,ATX,550W,
Silverstone SST-ST55F-PT Strider 80 PLUS Platinum,ATX,550W,
Silverstone SST-ST55GF,redundant,550W,
Silverstone SST-ST60F-ES230 Strider Essential Series,ATX,600W,
Silverstone SST-ST60F-ESB Strider Essential Series Bronze,ATX,600W,
Silverstone SST-ST60F-ESG Strider Essential Series Gold,ATX,600W,
"Silverstone SST-ST60F-PB modular, Strider 80 PLUS Bronze",ATX,600W,
Silverstone SST-ST60F-TI Strider 80 PLUS Titanium modular,ATX,600W,
SilverStone SST-ST65F-ES230 Strider Essential Series 80 PLUS,ATX,650W,
Silverstone SST-ST65F-G Strider Gold Series,ATX,650W,
SilverStone SST-ST65F-GS v 1.1 Strider Gold S Series 80 PLUS Gold,ATX,650W,
SilverStone SST-ST65F-PB Strider Plus Series 80 PLUS Bronze,ATX,650W,
Silverstone SST-ST65F-PT Strider 80 PLUS Platinum,ATX,650W,
Silverstone SST-ST70F-ES230 Strider Essential Series,ATX,700W,
Silverstone SST-ST70F-ESB Strider Essential Series Bronze,ATX,700W,
Silverstone SST-ST70F-ESG Strider Essential Series Gold,ATX,700W,
"Silverstone SST-ST70F-PB modular, Strider 80 PLUS Bronze",ATX,700W,
Silverstone SST-ST70F-TI Strider 80 PLUS Titanium modular,ATX,700W,
Silverstone SST-ST75F-GS Strider Gold Series,ATX,750W,
Silverstone SST-ST75F-GS v 3.1 Strider,ATX,750W,
Silverstone SST-ST75F-P Strider Plus,ATX,750W,
SilverStone SST-ST75F-PB Strider Plus Series 80 PLUS Bronze,ATX,750W,
Silverstone SST-ST75F-PT Strider 80 PLUS Platinum,ATX,750W,
Silverstone SST-ST80F-TI Strider 80 PLUS Titanium modular,ATX,800W,
Silverstone SST-ST85F-GS Strider Gold Series,ATX,850W,
Silverstone SST-ST85F-P Strider Plus,ATX,850W,
Silverstone SST-ST85F-PT Strider 80 PLUS Platinum,ATX,850W,
Silverstone SST-SX300-B SFX,SFX,300W,
SilverStone SST-SX450-B SFX Series,SFX,450W,
Silverstone SST-SX500-G SFX 80 PLUS Gold,SFX,500W,
Silverstone SST-SX500-G v1.1 SFX,SFX,500W,
Silverstone SST-SX500-LG v2.1 SFX-L,SFX-L,500W,
Silverstone SST-SX550 SFX 80 PLUS Gold,SFX,550W,
Silverstone SST-SX650-G SFX 80 PLUS Gold,SFX,650W,
Silverstone SST-SX700-G v1.1 SFX,SFX,700W,
Silverstone SST-SX700-LPT SFX-L 80 PLUS Platinum,SFX-L,700W,
Silverstone SST-SX700-LPT v1.1 SFX-L,SFX-L,700W,
Silverstone SST-SX700-PT SFX,SFX,700W,
SilverStone SST-SX750-G 80 PLUS Gold,SFX,750W,
Silverstone SST-SX750-PT V.1.1 SFX,SFX,750W,
"Silverstone SST-TX300 TFX, 80 PLUS Bronze",TFX,300W,
SilverStone SST-TX500-G TFX,TFX,500W,
Silverstone SST-TX700-G TFX,TFX,700W,
SilverStone ST500P,ATX,500W,
Silverstone ST600P,ATX,600W,
Silverstone ST700P,ATX,700W,
Streacom ST-NANO120,external,120W,
Streacom ST-NANO160,external,160W,
Streacom ST-NANO90 HTPC-,"extern, sonstige",90W,
Streacom ZeroFlex 240,misc,240W,
Super Flower Golden Green HX,ATX,750W,
Super Flower Golden Green HX,ATX,650W,
Super Flower Golden Green HX,ATX,350W,
Super Flower Golden Silent,ATX,500W,
Super Flower Leadex,ATX,1300W,
Super Flower Leadex,ATX,1000W,
Super Flower Leadex,ATX,1000W,
Super Flower Leadex,ATX,1200W,
Super Flower Leadex,ATX,850W,
Super Flower Leadex,ATX,1000W,
Super Flower Leadex,ATX,850W,
Super Flower Leadex,ATX,550W,
Super Flower Leadex,ATX,550W,
Super Flower Leadex,ATX,750W,
Super Flower Leadex,ATX,850W,
Super Flower Leadex,ATX,1000W,
Super Flower Leadex,ATX,550W,
Super Flower Leadex,ATX,550W,
Super Flower Leadex,ATX,550W,
Super Flower Leadex,ATX,750W,
Super Flower Leadex 80 PLUS Gold,ATX,1600W,
Super Flower Leadex 80 PLUS Platinum,ATX,1200W,
Super Flower Leadex 80 PLUS Platinum,ATX,1600W,
Super Flower Leadex 80 PLUS Platinum 8Pack Edt.,ATX,2000W,
Super Flower Leadex 80 PLUS Titanium,ATX,750W,
Super Flower Leadex 80 PLUS Titanium,ATX,1000W,
Super Flower Leadex 80 PLUS Titanium,ATX,850W,
Super Flower Leadex 80 PLUS Titanium,ATX,1600W,
Super Flower Leadex II,ATX,1000W,
Super Flower Leadex II,ATX,850W,
Super Flower Leadex II,ATX,850W,
Super Flower Leadex II 80 PLUS Gold,ATX,1200W,
Super Flower Leadex II 80 PLUS Gold,ATX,1000W,
Super Flower Leadex II 80 PLUS Gold,ATX,1200W,
Super Flower Leadex Platinum Special Edition,ATX,1000W,
Super Flower Leadex Platinum Special Edition 80 PLUS Platin,ATX,1200W,
Super Flower Leadex VII PRO 80 PLUS Platinum,ATX,850W,
Super Flower Leadex VII PRO 80 PLUS Platinum,ATX,1000W,
Super Flower Leadex VII PRO 80 PLUS Platinum,ATX,1200W,
Super Flower Leadex VII XG 80 PLUS Gold,ATX,850W,
Super Flower Leadex VII XG 80 PLUS Gold,ATX,1300W,
Super Flower Leadex VII XG 80 PLUS Gold,ATX,1000W,
Super Flower Leadex VII XG White 80 PLUS Gold,ATX,850W,
Super Flower Leadex VII XG White 80 PLUS Gold,ATX,1000W,
Super Flower Leadex VII XG White 80 PLUS Gold,ATX,1300W,
Thermaltake Berlin,ATX,630W,
Thermaltake Cologne,ATX,730W,
Thermaltake Frankfurt,ATX,830W,
Thermaltake Hamburg,ATX,530W,
Thermaltake London,ATX,550W,
Thermaltake Madrid,ATX,850W,
Thermaltake Munich,ATX,430W,
Thermaltake Paris,ATX,650W,
Thermaltake Rome,ATX,750W,
Thermaltake Smart Pro RGB 80Plus Bronze modular,ATX,750W,
Thermaltake Smart Pro RGB 80Plus Bronze modular,ATX,650W,
Thermaltake Smart Pro RGB 80Plus Bronze modular,ATX,850W,
Thermaltake Smart SE,ATX,630W,
Thermaltake Smart SE,ATX,530W,
Thermaltake Toughpower DPS G 80 PLUS Platinum,ATX,1200W,
Thermaltake Toughpower DPS G RGB 80Plus Gold,ATX,850W,
Thermaltake Toughpower DPS G RGB 80Plus Gold,ATX,750W,
Thermaltake Toughpower DPS G RGB 80Plus Gold,ATX,650W,
Thermaltake Toughpower GF1 A-RGB 80 Plus Gold,ATX,650W,
Thermaltake Toughpower GF1 A-RGB 80 Plus Gold,ATX,750W,
Thermaltake Toughpower GF1 A-RGB 80 Plus Gold,ATX,850W,
Thermaltake Toughpower Grand RGB 80 PLUS Gold modular,ATX,750W,
Thermaltake Toughpower Grand RGB 80 PLUS Gold modular,ATX,850W,
Thermaltake Toughpower Grand RGB 80 PLUS Gold modular,ATX,650W,
Thermaltake Toughpower iRGB 80 PLUS Platinum,ATX,1200W,
Thermaltake Toughpower iRGB 80 PLUS Platinum,ATX,1050W,
Thermaltake Toughpower iRGB 80 PLUS Titanium,ATX,1250W,
Thermaltake Toughpower PF1 A-RGB 80 Plus Platinum,ATX,850W,
Thermaltake Toughpower PF1 A-RGB 80 Plus Platinum,ATX,1200W,
Thermaltake Toughpower PF1 A-RGB 80 Plus Platinum,ATX,1050W,
Thermaltake TR2 S,ATX,600W,
Thermaltake TR2 S,ATX,700W,
Thermaltake TR2 S 80 PLUS,ATX,500W,
TooQ TQAPOLO-500SP,ATX,500W,
TooQ TQAPOLO-650SP,ATX,650W,
TooQ TQAPOLO-700SP,ATX,700W,
UNYKAch ATX Atilius 2.0 Black 650W 80+ Bronze,ATX,650W,
UNYKAch ATX Atilius 2.0 Black 750W 80+ Bronze,ATX,750W,
XFX Black Edition,ATX,750W,
XFX Black Edition,ATX,850W,
XFX Black Edition,ATX,1050W,
XFX Core Edition PRO V2,ATX,450W,
XFX PRO1000W Black Edition Full Modular,ATX,1000W,
XFX TS-Series  Single Rail,ATX,750W,
XFX TS-Series  Single Rail,ATX,550W,
XFX TS-Series  Single Rail,ATX,650W,
XFX XT,ATX,600W,
XFX XT,ATX,500W,
XFX XT,ATX,400W,
XFX XTR Series,ATX,550W,
XFX XTS Fanless Series,ATX,520W,
XFX XTS Fanless Series,ATX,460W,
XFX XXX Edition Pro,ATX,850W,
Xigmatek Maverick,ATX,400W,
Xilence Performance A+,ATX,830W,
Xilence Performance A+,ATX,530W,
Xilence Performance A+,ATX,730W,
Xilence Performance A+,ATX,430W,
Xilence Performance A+,ATX,630W,
Xilence Performance C Series XP400,ATX,300W,
Xilence Performance C Series XP500,ATX,350W,
Xilence Performance C Series XP600,ATX,450W,
Xilence Performance C Series XP700,ATX,550W,
XPG COREREACTOR II 1000W,ATX,1000W,
XPG COREREACTOR II 1200W,ATX,1200W,
XPG COREREACTOR II 650W,ATX,650W,
XPG COREREACTOR II 750W,ATX,750W,
XPG COREREACTOR II 850W,ATX,850W,
XPG COREREACTOR II 850W,ATX,850W,
XPG COREREACTOR II VE 650W,ATX,650W,
XPG COREREACTOR II VE 750W,ATX,750W,
XPG COREREACTOR II VE 850W,ATX,850W,
XPG CYBERCORE 1000W,ATX,1000W,
XPG CYBERCORE 1300W,ATX,1300W,
XPG CYBERCORE II 1000W,ATX,1000W,
XPG CYBERCORE II 1300W,ATX,1300W,
XPG FUSION 1600W,ATX,1600W,
XPG KYBER 650W,ATX,650W,
XPG KYBER 750W,ATX,750W,
XPG KYBER 850W,ATX,850W,
XPG PROBE 700 BRONZE,ATX,700W,
XPG PROBE BRONZE,ATX,600W,
Zalman 1000EBT,ATX,1000W,
Zalman 1200EBT 80 PLUS Gold,ATX,1200W,
Zalman 500GVM,ATX,500W,
Zalman 500TX,ATX,500W,
Zalman 600GVM,ATX,600W,
Zalman 600TX,ATX,600W,
Zalman 650EBT,ATX,650W,
Zalman 700GVM,ATX,700W,
Zalman 700TX,ATX,700W,
Zalman 750EBT 80 PLUS Gold,ATX,750W,
Zalman 850EBT,ATX,850W,
Zalman ZM1000-EBTII 80 PLUS Gold,ATX,1000W,
Zalman ZM1200-EBTII 80 PLUS Gold,ATX,1200W,
Zalman ZM600-TXII V2 MegaMax 80PLUS 230V EU STANDARD Certified high efficiency PCI-E,ATX,600W,
Zalman ZM700-EBTII 80 PLUS Gold,ATX,700W,
Zalman ZM700-TXII V2 MegaMax 80PLUS 230V EU STANDARD Certified high efficiency PCI-E,ATX,700W,
Zalman ZM800-EBTII 80 PLUS Gold,ATX,800W,
Zalman ZM800-TXII MegaMax 80PLUS 230V EU STANDARD Certified high efficiency PCI-E,ATX,800W,
